,author,title,ups,downs
1703,ilexmucronata,"Is our weather getting more extreme? Is it due to climate change/global warming? If so, why?",1.0,0.0
1866,[deleted],Is the majority of scientific opinion that climate change or global warming due to green house gas emissions and the associated models for future climate conditions accurate?,0.0,0.0
2406,Shark_Kicker,"Is the ""Polar Vortex"" media hype for something that's relatively common? Or is this a new catastrophic effect from global climate change?",1.0,0.0
2419,ilexmucronata,"[Repost, since my last one got no replies] How unusual is the current record-breaking cold snap? Is it the result of climate change? If so...how?",1.0,0.0
2487,thenmar,What is the current scientific consensus on the effects of climate change over the next 50 to 100 years?,1.0,0.0
2809,disco_stewie,How can lay people verify climate change studies?,1.0,0.0
2880,arjun10,Is there a connection between climate change and the distorted polar vortex that is setting record lows in United States?,2.0,0.0
2884,[deleted],Is the weird weather this winter caused by climate change? Or is it just an anomaly?,1.0,0.0
2887,thrifty917,How does the current Holocene interglacial climate change period differ from the Eemian? What evidence shows that it is caused by mankind?,0.0,0.0
2906,[deleted],Is this Polar Vortex slowing the process of climate change?,1.0,0.0
2939,[deleted],"Would I as a regular civilian be able to realize when the effects of climate change ""start""? Or would it be too gradual for most people to understand?",1.0,0.0
3024,[deleted],"Bill Nye is saying the recent cold weather is a sign of climate change, could this be true?",1.0,0.0
3111,lawpoop,Is there ever going to be a single event that will clearly indicate that global warming and anthropogenic climate change is happening?,0.0,0.0
3736,MrThunderballer,"Does the recent bout of ""record winter weather"" poke holes at all in the theory of climate change?",1.0,0.0
3753,[deleted],What are the trending solutions to resolve or alleviate climate change?,1.0,0.0
4156,flyersfan314,What are some good refutations for some climate change denying myths?,0.0,0.0
6582,jimmah101,What is one way the average Joe can take action against climate change apart from making memes?,0.0,0.0
6633,wishiwerenerdier,What would happen to the rate of climate change if the world suddenly stopped producing carbon emissions tomorrow?,3.0,0.0
7096,jimmah101,What is the best way I can make a positive impact on climate change? Thanks!,1.0,0.0
7710,cogneuro,"Could climate change result in places such as northern Canada, Greenland, and northern Russia to become more hospitable for humans and life in general?",1.0,0.0
8242,duncxan,Are there any organisms that appear to be benefitting from global climate change?,2.0,0.0
8882,jmerc83,What is the impact of climate change on the overall fertile growing area of the earth? Will the warmer areas lead to increased rainfall and a longer growing season?,2.0,0.0
11129,peifferc,"Ecologists of reddit, what otherwise-protected ecosystem in the American West is most threatened by climate change?",1.0,0.0
11195,peifferc,What otherwise-protected ecosystem in the American West is most threatened by climate change?,1.0,0.0
11442,dcjimmy,What has to happen for there to be zero day-to-day climate change?,1.0,0.0
11838,Elanstehanme,Will we have to reevaluate building bases due to climate change?,20.0,0.0
11903,spiderholmes,"If every building's roof was white, how great of an effect would it have on climate change?",1.0,0.0
12364,sorocaima76,Does exist any scientific possibility to solve the climate change?,1.0,0.0
12446,jadage,"I know there is some evidence that the recent Polar Vortex distortion could be a result of climate change, but I also know it's a heavily debated topic. Can someone here sum up the debate on whether or not it is global warming related?",9.0,0.0
12827,[deleted],"What were the main ""breakthroughs"" in climate change research during the last year? What new data is available? What are the main open questions and points of debate right now?",1.0,0.0
13177,TheMayon,Why is it climate change making it colder?,1.0,0.0
13862,doyouevenIift,Does climate change pose any risk to organisms living in the abyss?,1.0,0.0
14043,Leckspert,The potential of earthworms to exacerbate climate change.,1.0,0.0
14726,alocc247,How to deal with climate change,1.0,0.0
16669,razorhaze,How bad is global climate change currently?,1.0,0.0
18691,LethalFriend,What climate changes would occur if this years winter patterns (for the United States) were typical?,1.0,0.0
19324,lesamis,"Could climate change produce a scenario in which precipitation moves into the Sahara in ever increasing quantities? If so, to what extent could the Sahara change and how long would such a process take?",2.0,0.0
19469,[deleted],Is Prof. Guy McPherson ('Nature bats last' blog) a reliable source regarding climate change?,1.0,0.0
19481,[deleted],"Is Prof. Guy McPherson a reliable source on climate change? He is VERY pessimistic, implies 4°C increase is likely which would mean end of civilization as we know it.",1.0,0.0
19919,[deleted],"Has anyone conceived of a weather machine that could correct or control climate change? If so, what would it take (energy/time/area/technology) to make a measurable and controllable immediate global impact?",1.0,0.0
20008,mjfetner,"What would be more costly to human kind both monetarily and as to loss of life: Stop using anything manmade that releases CO2 into the atmosphere, or to continue and allow climate changes to take effect?",1.0,0.0
20223,ryan_meets_wall,Trying to find literature on climate change,1.0,0.0
20318,[deleted],Could Anthropogenic climate change lead to a new Cambrian explosion?,1.0,0.0
20375,Hellball911,"Assuming climate change, would ice caps melted into the oceans take longer to re-freeze because of the water salinity?",1.0,0.0
21992,AskScienceModerator,Questions about the climate change debate between Bill Nye and Marsha Blackburn? Ask our panelists here!,1294.0,0.0
22782,geordie5,Can you recommend a book that will change the mind of my climate change skeptic mother in law?,1.0,0.0
22994,[deleted],"Redditors who don't believe in climate change, what will change your mind?",1.0,0.0
23800,campkev,"Which has more scientific data supporting it, vaccines or climate change?",1.0,0.0
24141,koedybharper,Question and help about climate change.,1.0,0.0
24213,koedybharper,Question and help about climate change?,1.0,0.0
24247,[deleted],"As someone with relatively little knowledge about climate change, can someone tell me if there's a real scientific consensus that climate change exists?",0.0,0.0
25209,[deleted],"If the asteroid that hit the earth 65 million years ago and wiped out 75% of all life didn't actually hit earth, would the dinosaurs still be around? And if so, how would 65 million years of evolution and climate change affect them up to modern times?",1.0,0.0
26210,GeneralDJ1991,Scientific prove/peer reviewed articles that prove that greenhouses are more resistant/resillient against climate change/disruptive weather patterns,1.0,0.0
26390,GeneralDJ1991,Scientific prove/peer reviewed articles that prove that greenhouses are more resistant/resillient against climate change/disruptive weather patterns?,1.0,0.0
26461,[deleted],What evidence/reasoning ultimately caused the scientific community to form consensus on anthropogenic climate change?,1.0,0.0
26605,1997dodo,Can climate change such that our current computer weather models won't be able to predict the weather accurately?,0.0,0.0
26672,[deleted],There is evidence that many prevailing climate change models are wrong (overly pessimistic). How should we treat this understanding and what are climate scientists doing to make their models more accurate going forward?,1.0,0.0
27035,[deleted],"To what extent is the loss of reflective ice, both in polar regions and glaciers, contributing to climate change?",0.0,0.0
27309,[deleted],Why do local tv meteorologists and weatherman deny climate change?,1.0,0.0
27313,[deleted],"If we cannot convince the public that climate change is real, what if we went with ocean acidification?",1.0,0.0
27384,Taure,To what extent can current extreme weather be attributed to climate change?,1.0,0.0
27472,deebler,Would it be possible to create a massive chimney past the ozone layer where we could incinerate all the garbage we produce and release it into space (without affecting climate change)?,1.0,0.0
27483,zedxleppelin,ELI5: How do we know that human-caused CO2 emissions are the main driver of global climate change?,1.0,0.0
27491,[deleted],How do we know that human-caused CO2 is the most important factor driving potentially catastrophic global climate change?,1.0,0.0
27500,zedxleppelin,How do we know that human caused CO2 emissions are the most important factor driving potentially catastrophic global climate change?,1.0,0.0
27802,[deleted],Most people currently accept (man-made) climate change as a real thing. How did scientists eliminate the possibility of it being a natural (and necessary) occurrence?,1.0,0.0
28106,Padawanbater,What is the strongest evidence available that supports anthropogenic climate change?,1.0,0.0
28201,patrickpdk,Doesn't this study prove the link between our extreme winter weather and climate change?,1.0,0.0
28414,crackyhoss,"Greenpeace co-founder and ecologist, says climate change isn't man-made. Why is there a scientist denier with hard data that comes up in the news every now and again? Who is fudging numbers, and how?? [links in text]",0.0,0.0
29065,Mappsy,If the earth is in a current ice age with a changing pattern between glacial and interglacial periods doesn't this make climate change inevitable?,1.0,0.0
30464,[deleted],Is it plausible that humans are not causing climate change?,1.0,0.0
30608,[deleted],Alternative Energy to counteract climate change?,1.0,0.0
30975,CanisMaximus,Are there any studies showing correlation between climate change and rates of hybridization among species?,1.0,0.0
31028,tothebatcaverobin,Need help finding peer reviewed papers on climate change,1.0,0.0
31037,tothebatcaverobin,Where's the best place to find peer reviewed sources...on topics such as climate change?,1.0,0.0
31153,tothebatcaverobin,Where's the best place to find peer reviewed sources on topics such as climate change?,1.0,0.0
31367,Dav1d0v,What evidence is there that anthropogenic global climate change is false?,1.0,0.0
31832,alecferretti,What's the realistic solution to climate change?,1.0,0.0
32675,[deleted],What evidence exists to show that humans are specifically the cause of climate change?,1.0,0.0
32738,stevethehuman,Is this due to pollution and climate changes ? (photo in link),1.0,0.0
33028,stevethehuman,The shooting location of the original Cosmos seems to have greatly decayed since year 1980 (see picture below). Is this due to climate change ?,1.0,0.0
33619,[deleted],Is there a scientific consensus on climate change and it's causality?,1.0,0.0
33841,psykosoulja,Why is all this extreme climate change from carbon polution only effecting the North Pole?,1.0,0.0
33925,maowsers93,Exactly how hot are projections saying the earth can get through climate change?,1.0,0.0
34782,[deleted],Could I get an opinion on this climate change denying petition website?,1.0,0.0
34965,[deleted],Political views aside: is it global warming or climate change?,1.0,0.0
35119,ioncloud9,How established is the science behind human caused climate change?,1.0,0.0
35185,[deleted],What are the best objective and concise books on the current findings of climate change science?,1.0,0.0
35591,[deleted],Is there any chance of the climate change we are observing now becoming a runaway greenhouse effect of the kind observed on Venus?,2.0,0.0
37744,all-up-in-yo-dirt,Is there any merit to the claim that fertilizing the oceans with iron can help offset climate change?,0.0,0.0
37818,[deleted],"If we put some kind of foil or other reflective surface on every rooftop around the world, could we make up for the loss of ice albedo in the arctic and lessen the effects of climate change?",1.0,0.0
37939,[deleted],What evidence exists that climate change is caused by humans and not natural fluctuations by the sun?,1.0,0.0
38083,ChristopherLeonPrice,"The global scientific consensus is that climate change is real, man-made and will have devastating consequences on the human race/planet. What can realistically be done to stop it?",1.0,0.0
38896,rickmatt,"What is a good, quick reply to climate change skeptics when they say something like ""Global Warming"" during a snowstorm?",1.0,0.0
39122,Fireflight,"Will climate change truly lead to environmental collapse within my lifetime, or that of my children?",1.0,0.0
40023,[deleted],What are your views on climate change and it's causes?,1.0,0.0
41298,hypernati,Climate change : How close are we near the tipping point of climate change?,1.0,0.0
41353,isleepinahammock,What's the climate change worst-case scenario? What if we burn everything?,1.0,0.0
42367,[deleted],What regions of the globe will be helped by climate change?,1.0,0.0
42628,[deleted],What regions of the earth might be helped by climate change?,1.0,0.0
43112,garmonboziamilkshake,"I read an article today by Fred Singer; I know he's in a minority on the effects of CO2 on climate change, but he cites some data - temp hasn't risen in 15 years, etc. - Politics aside, can anyone help me understand where he's mistaken?",1.0,0.0
43128,garmonboziamilkshake,"I read an article today by Fred Singer; I know he's in a minority on the effects of CO2 on climate change, but he cites some data - temp hasn't risen in 15 years, etc. - Politics aside, can anyone help me understand where he's mistaken?",1.0,0.0
43253,goodweeking,How would the Earth's climate change if it's rotation was slowed down?,1.0,0.0
43285,imautoparts,"Considering the damage already done, why is there so much research and talk about reducing impact/emissions instead of research on how we can and should adapt as the climate changes?",1.0,0.0
43479,dizzguzztn,Could planting large forests be a feasible way to combat climate change?,3.0,0.0
44321,[deleted],"Realistically, how bad is climate change going to be over the next 50 years? What kind of world will my (potential) children have to survive in?",1.0,0.0
44392,zjbirdwork,What affect would it have on climate change over time if all humans simply ceased to exist?,1.0,0.0
44694,[deleted],"If we re-forested a significant portion of what we've used, would that go a considerable distance to slowing climate change? Or is the damage already done?",1.0,0.0
44963,[deleted],Are there any past climate change models that have accurately predicted the effects of climate change to date? [Earth and Planetary Sciences],1.0,0.0
45376,Jimmydesnowman,"Is large scale ocean phytoplankton ""farming/seeding"" a thing, and is it/could it be used to combat climate change?",1.0,0.0
46093,novelty_Poop_Corn,"""Humans will go extinct from climate change."" How possible is this? What is the worst case scenario, anyway?",1.0,0.0
46236,johnjoseph98,Are scientists divided on the issue of whether or not climate change is manmade?,1.0,0.0
46515,Masterkelvin273,"If the earth rotated in the opposite direction on the same axis, what kinds of climate change would happen as a result?",1.0,0.0
46699,sjogerst,What role (if any) has humanity's surface infrastructure played in climate change?,2.0,0.0
47020,tyirjsh,"How does radiative cooling work, and how will it be affected by climate change.",1.0,0.0
47084,mandolinsanity,"When studying anthropomorphic climate change, what role does interdiscipline dialog play?",1.0,0.0
47145,jscoppe,Cloud seeding as a means to combat climate change (warming)?,1.0,0.0
47264,[deleted],Do all the radio waves we use contribute to the current climate change?,4.0,0.0
47650,[deleted],Can nuclear weapons destroy Polar ice caps so that their melting would cause global climate change?,1.0,0.0
47833,[deleted],"What steps can I take, as an average civilian, to reduce my contribution to climate change?",1.0,0.0
47854,[deleted],Can nuclear weapons destroy Polar ice caps so that their melting would cause global climate change?,1.0,0.0
47876,iWontForgetThisAcct,"If we don't come up with a solution to climate change, what do scientists predict life will actually be like in 100 years?",1.0,0.0
47906,boostermoose,When will the current interglacial period end? Will the re-cooling of the Earth negate the warming effects of climate change or vice versa?,2.0,0.0
48270,[deleted],What are currently some of the most scientifically sound worst-case climate change scenarios?,1.0,0.0
48314,[deleted],"What are currently the most scientifically sound worst-case climate change scenarios, in the long term?",1.0,0.0
48374,[deleted],How do i succinctly explain to my semi-retarted high school teacher that climate change is a real thing?,0.0,0.0
49341,rectalsoup,"What are the facts of climate change, and is there any truth behind what those who deny it say?",1.0,0.0
49346,iowaboy,"How would my day-to-day life in 2050 be different if the world doesn't act to avoid ""catastrophic climate change""?",1.0,0.0
49410,[deleted],What does /r/askscience think of the information in this video? (climate change),1.0,0.0
49509,jaerixon,"Based on current trends and data, what is the most likely timeline of events for the impact of climate change on our day to day lives over the next 100 years and beyond?",1.0,0.0
49897,haffmaestro,"Assuming the worst predictions for climate change come true, what is the best place to start a new city in the world?",1.0,0.0
50347,gyp_casino,Is it possible to describe climate change with a simple model of heat transfer?,1.0,0.0
50680,[deleted],How likely is it that climate change will lead to the collapse of civilization within my lifetime?,0.0,0.0
51910,DrSecretan,How are we doing against climate change?,1.0,0.0
52506,Cupcake_in_Acid,"In the process of reversing anthropological climate change, could we actually cool the Earth too much? If so, how will we know the limit?",1.0,0.0
52793,Shoebox_ovaries,What evidence is their to disprove the 'sun cycling is causing climate change'?,0.0,0.0
52811,[deleted],"Due to climate change in North America, what economical changes could occur?",3.0,0.0
52842,[deleted],What will the end result of climate change be?,1.0,0.0
54354,[deleted],"There seems to be a lot of evidence and theory to suggest that the climate system is a type 3 complex adaptive system. However, empirical results from systems theory seem to ignored in climate change discussions.",1.0,0.0
54436,[deleted],How much do changes in solar activity affect climate change on Earth?,1.0,0.0
54828,OlyGhost,How much do changes in solar activity affect global climate change on Earth?,1.0,0.0
55323,GotToGiveItUp,"I've heard that as a result of climate change that the sun's ""amplitude"" is increasing. What does this mean? Is this measurable? The sun certainly FEELS hotter recently.",1.0,0.0
56864,umop,What are the most important things that an individual living in the US can do to combat climate change?,1.0,0.0
57581,[deleted],Are there any places on earth in which there is predicted to be more moderate/less extreme weather due to climate change?,1.0,0.0
59474,[deleted],"[Social Sciences] Why is climate change so much more ""controversial"" than antibiotics resistance?",1.0,0.0
59804,Shoulders-Of-Giants,"Is it possible to ""terraform"" or ""flood"" the Sahara to answer problems of climate change, famine and make the land more hospitable? Would it even be desirable?",1.0,0.0
60870,WeathermanDan,How can scientists attribute a weather event to climate change?,0.0,0.0
61058,[deleted],How would the climate change if North America had a sea about the size of the Mediterranean in the middle of it?,1.0,0.0
61176,phylisstein,How supported is the claim that factory farming is one of the top contributors to greenhouse gas emissions/climate change?,1.0,0.0
61403,usernameicanremember,What's the deal with the federal climate change report? Distortion?,1.0,0.0
61436,Manyrandomtacos,How would the world climate change if the Great Plains were completely replaced with a salt water ocean?,1.0,0.0
61453,[deleted],Are there any positive effects of climate change?,1.0,0.0
61535,[deleted],"Trying, but I'm still on the fence Re: climate change.",1.0,0.0
61667,[deleted],Are there any credible arguments to climate change?,1.0,0.0
61755,Troutkid,Anyone read any compelling articles on climate change???,1.0,0.0
61765,[deleted],The US White House National Climate assessment states that anthropogenic climate change has already begun to affect every region of the US. Is its findings in agreement with scientific consensus? How controversial is this report?,1.0,0.0
61879,obscureposter,Do we have sufficient data to determine if the current trend in climate change hasn't happened naturally before?,1.0,0.0
62067,emilyst,The US White House National Climate assessment states that anthropogenic climate change has already begun to affect every region of the US. Is its findings in agreement with scientific consensus? How controversial is this report?,1.0,0.0
62086,poopwithexcitement,Is a technological solution to climate change possible even after we have passed the green house gas threshold?,1.0,0.0
62677,prolabywill,Couldn't we all plant X amount of trees every year and make significant impact on climate change?,1.0,0.0
63891,[deleted],"When it comes to talking about climate change and what we can 'try' and do about it, why does nobody take into account that the sun has been/is getting hotter?",1.0,0.0
63893,[deleted],Can humanity survive the next 1000 years of climate change without leaving Earth?,1.0,0.0
63907,a_park_bench,"What changes would need to be made, and what are their likelihoods of success, to combat climate change?",1.0,0.0
63944,[deleted],What can we expect to see when climate change is resolved?,1.0,0.0
64044,Dromaeosaurus,Are there any realistic solutions to reversing climate change?,1.0,0.0
64181,fe3lg0odhit,"Given the human condition, are the global negative effects of climate change now irreversible?",1.0,0.0
64692,TheDiesel28,What would climate change look like if the burning of fossil fuels released oxygen instead of CO2?,1.0,0.0
65047,GlassCaraffe,"Ecologists of Reddit, now that climate change appears inevitable, is there any point to current conservation efforts?",1.0,0.0
65069,thetightfit,"If civilization as a whole decided to act on climate change, how much would it impact my life?",1.0,0.0
65253,[deleted],My friend believes her theory regarding climate change has not been refuted by science. I'm asking for some help.,1.0,0.0
65464,tomanonimos,With climate change there will be more liquid water on the planet and this leads to rising ocean levels. Is there a alternative situation resulting from climate change?,0.0,0.0
65488,Nurgle,What exactly is the deal with the 3% of scientists (or scientific literature) that don't support anthropogenic climate change?,2.0,0.0
66029,swatter555,Is there an expert consensus on the question of climate disaster caused by climate change?,1.0,0.0
67087,pete4715,Could the destruction of a large space ship cause an impact event large enough to cause climate change?,1.0,0.0
67112,[deleted],"Tory MP Jacob Rees-Mogg in this interview claims that the new IPCC report claims that even if we acted now, the effects of climate change would not be affected for up to 1000 years. Is this true?",1.0,0.0
67119,turretguy07,What is the popular consensus regarding climate change in countries other than those of North America?,1.0,0.0
67178,[deleted],"If droughts over the last few years have been attributed to climate change, what caused the even more severe droughts during the 1930's and 1950's?",1.0,0.0
67437,ThisizShane,Can someone help me change my friend's view on climate change?,1.0,0.0
67563,bigdumbbear,"How much is global human farting contributing to climate change, if at all?",1.0,0.0
67759,EdOharris,Does the abundance paved roads contribute at all to climate change?,19.0,0.0
67806,ecbremner,How does the coastal flooding related to climate change manifest?,2.0,0.0
67896,grandpaseth18,Is it possible that climate change could make Antarctica habitable by humans?,1.0,0.0
68338,raven2007,Is there really 97% consensus on man-made climate change?,1.0,0.0
68647,The_Painted_Man,"With the recent revelation that certain turtles will go extinct due to climate change influencing the gender of their eggs, how did the survive the last several climate changes? The species has been around for a few million years at least.",55.0,0.0
68724,Lysandus,What effect does climate change have on natural disasters?,0.0,0.0
68754,Airith94123,"So with climate change being so bad, what can we do?",1.0,0.0
68811,[deleted],Why is climate change (global warming) only seen as negative?,1.0,0.0
69120,[deleted],"On a recent Joe Rogan podcast, his guest Joe Callahan stated 2 facts about climate change... are these true?",1.0,0.0
69132,shadowandlight,"On a recent Joe Rogan podcast, his guest Randall Carlson stated 2 facts about climate change... are these true?",1.0,0.0
69320,hyperstupid,Can climate change be regarded as positive? Is it all bad?,1.0,0.0
69407,[deleted],Geologist of Reddit: do you believe global climate change is caused by humans,1.0,0.0
69638,coreman1313,Should that 97-98% number that says scientists agree that recent climate change is due to human activity be used as hard evidence toward climate change's existence?,1.0,0.0
70114,[deleted],What are the main arguments in favor of the presence of climate change?,1.0,0.0
70883,[deleted],"If climate change continues to accelerate, is it conceivable that Arctic land (such as Northern Canada) could become temperate and favorable to life and agriculture? If so, approximately how far off would that be?",0.0,0.0
70944,[deleted],Bill Nye and climate change in the U.S. Media,1.0,0.0
70952,Midwestvibe,Why is carbon dioxide poisoning not being considered the most serious threat from rising levels of carbon dioxide and the associated aggravating climate changes we are seeing?,1.0,0.0
71097,alvaspiral,"Is there any good resource listing the expected ""resource wars"" and internecine conflicts/regional instability that may be caused by climate change?",1.0,0.0
71208,smellsliketuna,"1 We know the bad when it comes to climate change, but are there any benefits?",1.0,0.0
71314,[deleted],Will climate change affect the way meteors burn up in the atmosphere? Will they burn slower or quicker?,1.0,0.0
71339,adubb86,How can any scientists disagree on climate change if it is based on science?,1.0,0.0
71395,[deleted],Are there any positive outcomes from climate change that most people don't know about?,1.0,0.0
71563,hurray4kimchi,"Will climate change actually be a benefit to Arctic regions in terms of eventually making them habitable and favorable for agriculture? If so, exactly how far away is that?",1.0,0.0
71713,[deleted],What is the evidence for anthropogenic climate change?,1.0,0.0
71844,[deleted],Is it possible the sun has a binary star with a 5000 year orbit that passes close enough to cause drastic climate change?,1.0,0.0
71864,NTKZBL,"When discussing anthropomorphic causes of climate change, why does it seem only atmospheric emissions are considered?",3.0,0.0
72394,[deleted],Are there any legitimate scientific arguments that global warming or climate change aren't as big of deal as everyone makes them to be? Or that they're even non-issues?,1.0,0.0
73682,blueberry_crepe,"What is the ""window of opportunity"" talked about in climate change debates?",0.0,0.0
73834,[deleted],Is climate change going to make anyones regional climate better?,1.0,0.0
74067,abw80,If we stopped using fossil fuels for power and only for transportation how much would that affect climate change?,1.0,0.0
74072,boner_jamz_69,Articles about climate change for a friend?,1.0,0.0
74591,NeverLooking,Plans for climate change,1.0,0.0
74598,NeverLooking,What are the plans for climate change?,1.0,0.0
74855,[deleted],"How does climate change work; how is it effecting our earth; and how will cutting US power plant emissions by 30% will affect the process, if at all?",1.0,0.0
75723,[deleted],"To help put the climate change consensus in context, what other commonly held scientific truths fall short of 100% agreement among scientists?",1.0,0.0
75741,smatterbrain,"Given the acceptance amongst the scientific community that climate change is happening, do you feel it is the place of the scientists to become more involved in policy/politics in order to ensure that the message is received?",1.0,0.0
75968,delitomatoes,Should we spend our money on fighting climate change or space colonisation?,1.0,0.0
76074,EXTREMEmiddle,Where can I find the central papers outlining the evidence behind climate change?,1.0,0.0
76212,[deleted],How much will Obama's recent carbon emission regulations from the EPA help with fighting climate change?,1.0,0.0
77671,yoyoyoyoyoy,Why do almost all proposed solutions to climate change involve reducing our carbon output rather than actually removing existing CO2 from the atmosphere?,5.0,0.0
78797,[deleted],What species will be better off in a warmer climate/climate change?,1.0,0.0
78904,Aceinthenite,How is climate change expected to change particular regions of the planet?,3.0,0.0
79316,WellHeresMyFourthAcc,"Could hot water oozing from the newly-discovered underground reservoir partially account for climate change? And if so, to what degree?",0.0,0.0
80109,[deleted],"What would an effective, drastic action against climate change look like in practice?",1.0,0.0
82260,klaus1986,Have any predictions made by climate change science models turned out accurate?,1.0,0.0
83450,OutDrosman,How can I get involved in climate change science to directly make a difference through research?,1.0,0.0
83792,Panzas,Who will be the climate change winners?,1.0,0.0
84330,andmoff,Are any of you able to sufficiently disprove man-made climate change?,1.0,0.0
84772,I_love_hate_reddit,"How do climate scientists separate what is currently termed ""climate change"" from the climate fluctuations that resulted in the arrival and departure of glacial periods in Earth climate history?",1.0,0.0
84834,palandra,"I have some intelligent, though misinformed, friends who are climate change skeptics. What are some science based things I can use to convince them otherwise?",1.0,0.0
85008,Mendican,Could an impact from a meteor or comet reverse climate change and render the argument moot?,1.0,0.0
86140,servo2112,What are the worst possible effects of climate change that we could see within the next thirty years?,1.0,0.0
86218,witchizer,Is it actually possible that the feedback loops of climate change could make our planet venus like ?,1.0,0.0
87540,EagleOfMay,What observations will we make with NASA's Orbiting Carbon Observator that will support our current understanding of climate change?,1.0,0.0
87587,El_Seven,Could clear-cutting and replanting a forest while burying the cut trees into a salt dome capture enough carbon to matter to climate change?,1.0,0.0
88246,jhaake,Question about climate change skepticism,0.0,0.0
88416,[deleted],Can someone explain to me why people deny climate change and why they are wrong as if I was a 5 year old.,1.0,0.0
88419,PharmerRob,Can someone explain to me why people deny climate change and why they are wrong as if I was a 5 year old?,1.0,0.0
88823,appaddict13,Is there any validity to claims AGAINST climate change?,1.0,0.0
88932,SteXD,Has there ever been research into the intelligence of climate change deniers?,1.0,0.0
89162,honestFeedback,I read that the gene for redheads may die out due to climate change. Is this actually a likely scenario?,1.0,0.0
89225,urnbabyurn,Are we more likely to save ourselves from climate change through conservation or innovation? How much of each?,1.0,0.0
89402,clurt,What evidence links human activities to climate change(please read description)?,1.0,0.0
90228,[deleted],"Which is worse for climate change, carbon black from ""coal rollin'"", or CO2 from properly combusting the fuel?",1.0,0.0
90299,TheCookieMonster,"Would carbon black from ""rolling coal"" be better for climate change than CO2 released from properly combusting the fuel?",1.0,0.0
90931,c-r-u-x,"Are Guy McPherson's claims about near-future human extinction and/or societal collapse due to climate change scientifically credible and if not, where/how is he cherrypicking?",1.0,0.0
91132,dapatriarchy3,"What will the benefits of ""climate change"" be?",1.0,0.0
91854,Butt_queef,Is the Sahara desert contributing climate change (aka global warming)?,1.0,0.0
91996,[deleted],Theoretically in the distant future (if climate change doesn't wipe us out) could dogs evolve to learn to talk?,1.0,0.0
92042,friend_of_a_fiend,Does bottling of water and other beverages then shipping them around the world contribute to climate change?,1.0,0.0
92168,WHY111,Is anthropogenic climate change a falsifiable theory?,1.0,0.0
92453,[deleted],Is there a possibility that climate change will make regions of the world closer to the poles more hospitable do to warming?,1.0,0.0
92845,cogneuro,Is there a possibility that climate change will make regions of the world closer to the poles more hospitable for humans do to warming?,1.0,0.0
94216,dijabringabeeralong,Our breathing reflex is governed by blood CO2 concentration (not lack of Oxygen). Measured CO2 levels are on track to double (from climate change). Are we already now breathing more than we need? De we know the harmful CO2 long-term exposure level?,0.0,0.0
94681,AbstractSpaces,Just how bad for humanity are the effects of climate change going to be if we don't get our shit together?,1.0,0.0
95295,[deleted],What are some of the *positives* that could come with global climate change?,1.0,0.0
95311,MoronimusVanDeCojck,"How would Earths climate change, if beneath the south pole wouldn't be a continent, but a ocean?",1.0,0.0
96513,[deleted],Scientists say redheads could be extinct in 100 years due to climate change. Are there any other human traits that have disappeared that were once very common?,0.0,0.0
97172,Abadoobie,Which comes first: we run out of fossil fuels or we die from climate change?,1.0,0.0
97386,recchiap,"If we are unable to stop climate change, could future biotech help humans survive in the horrible effects?",1.0,0.0
97723,archaic_angle,scientists seem to suggest that climate change and population growth are likely to precipitate a mass extinction of much of our planet's animals. Is the same true for insects or are they somehow more resilient to such dramatic changes?,1.0,0.0
97739,[deleted],"How do I, as a layman, form an opinion on climate change? There is so much conflicting information that I simply have no idea where to start or what to believe.",1.0,0.0
97832,Postthings,If climate change is occurring why hasn't the timing of old faithful changed?,1.0,0.0
98002,ArizonaBuckeye,Can someone explain climate change to a science-loving Republican?,1.0,0.0
98357,Tredronerath,How many different fields of science contribute to our understanding of climate change? What does the profile of 'concensus in scientific experiment' look like?,1.0,0.0
98530,kukj1024,Is there any definitive evidence or scientific consensus about whether human efforts (like reducing carbon emission) can delay or reverse the progress of climate change?,1.0,0.0
99684,kingyonez,"Got in a climate change argument, and the point that CO2 was higher during the Jurassic than it is now was brought up. How should I respond?",1.0,0.0
99800,ShinyChiChis,How large would a meteorite have to be in order to inflict a significant amount of climate change?,1.0,0.0
99890,toomuchpodracing,Would there be a similar climate change event if cars and fires emitted oxygen rather than carbon dioxide?,1.0,0.0
101363,WistfulEagle,"How can I convince my highly intelligent, highly skeptical dad that global climate change is a very real and serious issue that could have harmful effects on the environment if left unchecked?",1.0,0.0
102742,Kelwood,Some scientists say we're approaching a 'Tipping Point' when it comes climate change. Is this true?,1.0,0.0
104103,[deleted],"Assuming th Cannae Drive really does work, doesn this change the way we should approach climate change issues completely?",1.0,0.0
105141,dmasterdyne,Should the Northeastern US expect a higher frequency of snowstorms due to global climate change?,73.0,0.0
105184,sleeplessnraleigh,Have we triggered runaway climate change?,4.0,0.0
105240,alphavictortango13,Climate Change Debate: What is the most effective argument one can make in convincing non-scientific thinkers that we must act on climate change?,1.0,0.0
105309,[deleted],What is the current scientific consensus on climate change and the possibility of reversing it?,1.0,0.0
108256,[deleted],Could turning Detroit and other cities abandoned factories into hydroponic farms save lives in the coming climate change?,1.0,0.0
109346,Viralmelon,Is the current scientific attitude that climate change will be a giant setback? If yes then is it realistic to even try?,1.0,0.0
109695,agsports,Will climate change destroy us all? I want to know if this prediction I read is legit,1.0,0.0
110023,[deleted],Are there any examples of climate change models being used for land investments? Have they worked?,1.0,0.0
110776,GrundleSlayer,"Reddit, Is climate change manmade or due to natural causes?",1.0,0.0
111563,AmbitionOfPhilipJFry,"So I know about all the bad things about climate change and ocean acidification, but what about all the good things?",0.0,0.0
112250,MrRonaldGeis,Would anyone be willing to clarify some things about climate change?,1.0,0.0
112267,Splynter,What are some other factors that contribute to climate change other than carbon emissions?,0.0,0.0
113967,SHIT_DOWN_MY_PEEHOLE,Why does the climate change so dramatically when it goes up by 1 degree Fahrenheit?,39.0,0.0
114244,[deleted],Is there substantial evidence to prove climate change is driven by humans?,1.0,0.0
114710,thatcoolredditor,"If Earth's orbit around the sun is elliptical, which causes Earth to be well over a million miles closer to the sun at some points than others, why is that unnoticeable while a slight tilt of the earth's axis one way or the other causes drastic climate change (seasons) to occur?",16.0,0.0
114902,[deleted],Is there legit science behind climate change-denial?,1.0,0.0
115835,throwaway_askscience,Where's the best place to live in the US based off expected climate change over the next 100 years?,1.0,0.0
116189,frugx,"What contributes more to climate change, deforestation of Co2 emissions?",1.0,0.0
116281,comicgeek1128,Will the internet have to die in order for humans to stop climate change? and other questions,1.0,0.0
116316,Balls_Like_Wow,Can we have a serious talk about climate change?,1.0,0.0
118829,[deleted],"It seems we are worried about the inevitable extinction of polar bears due to climate change. Is there any way polar bears could adapt to a warmer climate? If not, why?",1.0,0.0
119414,cptstupendous,Which plant and animal species are in prime position to benefit from climate change over the next 100 years?,1.0,0.0
119426,[deleted],Questions about the apparent vanishing evidence of climate change,1.0,0.0
119433,Rockytriton,Is the apparent vanishing evidence of climate change true or misleading?,1.0,0.0
119515,AdversePlacebo,Is there any legitimate evidence that there isn't global warming/climate change?,1.0,0.0
120717,cokedealer,"With the news about the environment in the past few decades being so bleak (climate change, deforestation, pollution), will we be able to turn it around to a point where the news is mostly pisitive? What kind of cultural shift or technological advancement could make this happen?",1.0,0.0
120790,fightinirish273,What is the hard science of climate change?,1.0,0.0
120929,[deleted],"What would be a good research topic related to climate change, environmental hazards, etc",1.0,0.0
120957,Rainy_man,"What would be a good research topic related to climate change, environmental hazards, etc?",1.0,0.0
122129,mostlyemptyspace,"I would like to read a realistic, non-sensationalist prediction of how climate change will change our lives in the next century.",1.0,0.0
122175,[deleted],"When ice melts in a cup of water, the water level doesn't rise, so why will sea levels rise with climate change?",1.0,0.0
122184,[deleted],What is the most effective thing the average person can do to fight climate change?,1.0,0.0
122840,ThePineBlackHole,Can someone give me an example of a falsifiable model in the most recent IPCC report on climate change?,1.0,0.0
122862,WellBeeredTexican,"Given climate change, where might we want to retire in 2050?",1.0,0.0
123018,[deleted],Is climate change anthropological?,1.0,0.0
123075,[deleted],What is a best case scenario for climate change?,1.0,0.0
123137,Classic_pockets,"If climate change needs to be now, is nuclear power our only option to get off fossil fuels?",33.0,0.0
124381,[deleted],To those who accept the science behind climate change: Are there still some major unanswered questions? What are they?,1.0,0.0
124650,Husky117,"my parents think climate change is a conspiracy made up by the UN, how can i prove them otherwise",1.0,0.0
124687,[deleted],What debates are still open in climate change science?,1.0,0.0
125190,Tnargkiller,What kind of global climate change could we realistically expect to go through that we can't already change?,1.0,0.0
125512,apestate,Are there any ideas about possible long term good effect of global warming climate change?,1.0,0.0
125779,isildursbane,"Recent paper of Pacific Northwest concludes temperature changes not anthropogenic, can someone put this into context with modern climate change evidence and the anthropogenic cause of climate change?",1.0,0.0
126035,daf121,Why is there a 40 year delay between greenhouse gas emissions and measured climate change ?,2.0,0.0
126910,Razzmatazz123,What can I do (as an individual) to help reduce climate change?,3.0,0.0
126961,joncarroll14,"If the Montreal Protocol was so worldly successful, why has climate change been so worldly unsuccessful in regards to support? What made the MP so easy for countries to back and support?",1.0,0.0
127077,_MrObvious_,Looking for climate change models.,1.0,0.0
127254,[deleted],What can actually be done about climate change?,1.0,0.0
128444,joobtastic,Are there any climate change models that have made accurate predictions?,0.0,0.0
128508,Monkeykatos,"If worse comes to worse, what technologies can we use to lessen the impact or even reverse climate change?",1.0,0.0
129237,jiannone,What are some feasible large-scale actions on climate change?,1.0,0.0
130997,[deleted],I'm interested in learning about climate change but have no scientific background. What are the best resources to learn about it in detail quickly?,1.0,0.0
131788,e8odie,"With climate change's effect on drought in the US plains/west &amp; shifting temperate zones northward, will central Canada become the new hub of farmland for North America?",1.0,0.0
132286,Dave37,How much has the climate change actually impacted the biodiversity up to now?,1.0,0.0
132790,[deleted],Isn't there an inherent bias regarding climate change and scientists?,1.0,0.0
133261,[deleted],"Because most animals still evolve completely naturally and humans now take scientific control over some aspects of their evolution, doesnt that mean that most animals are better suited to adapt to climate change than humans will be?",1.0,0.0
133614,ahab_ahoy,Why is there no talk about sequestering the carbon we emit in the climate change debate?,1.0,0.0
133985,[deleted],Will climate change act as a catalyst for human evolution (increased brain size) again?,1.0,0.0
133993,dumbasksci,Is it possible due to climate change some inhabitable areas become habitable (beside places around north pole and Tibet)?,1.0,0.0
135670,skpkzk2,To what degree does removing oxygen from the atmosphere affect climate change?,0.0,0.0
136069,beerdly,Could the climate change so much that rain no longer falls over land?,1.0,0.0
136733,pottyglot,What respectable* scientific organizations have not endorsed the position climate change is influenced by human activities &amp; what facts/positions do they dispute &amp; what facts do they base their positions on?,1.0,0.0
136760,[deleted],If the current climate change we are experiencing remains unchanged what will earth be like in 1000 years?,1.0,0.0
136901,JordanMacPhee,How does climate change lead to both heavier rainfalls AND more frequent droughts?,1.0,0.0
137238,Not_Joe_Libre,"What are things that the average person can do to combat climate change, or at the very least reduce their own footprint?",1.0,0.0
137292,[deleted],Are we making any progress in the fight against climate change?,1.0,0.0
139402,lostandfounder,I really need to up my game when it comes to defending climate change. What are some good resources that I can use to to learn more?,1.0,0.0
139960,StarWarsTyphoon,What are the excess human contributions that exacerbate the condition of climate change and the Ozone?,1.0,0.0
140341,osnap7,On what evidence/research do people that discredit climate change use?,1.0,0.0
140612,Rob_Gold,Question on the 928 reviewed papers to form the 97% climate change consensus.,1.0,0.0
140620,Rob_Gold,Who funded the work for the various 928 reviewed papers to form the 97% climate change consensus?,1.0,0.0
140924,BOOM_KKKUMSHOT,Is it possible to turn deserts into forests to combat climate change?,13.0,0.0
141069,[deleted],"In terms of distance, how much closer/further away from the sun would we have to move to have significant weather/climate changes? What sort of things would we experience? Also what if the earths axis was straight and not tilted",1.0,0.0
141573,Apollo23,What's one or a few studies I can't point my climate denier friends to help them stop being skeptical of human caused climate change?,1.0,0.0
142320,Foshizzy03,Can it really be proven that humans are the cause of climate change?,1.0,0.0
142381,mwhaskin,"As the ocean sea level rises due to climate change, will landmarks (like Mount Everest/main cities) be given new elevations?",1.0,0.0
142661,JoshTay,"Since climate change has lengthened the growing season in certain regions, will that lock up more carbon in plant materials? And will that impact the warming trend?",1.0,0.0
143003,rafajafar,What does the timeline look like for our planet if climate change continues at its current rate?,1.0,0.0
143104,Clausewitz1996,How can improve collaboration between hard and soft sciences on climate change?,1.0,0.0
145044,RedErin,What are the chances that we've already done cataclysmic damage to the planet via climate change? Although it's a delayed effect.,1.0,0.0
145689,PapaFish,"Can someone explain ""the pause"" that climate skeptics use when arguing against global climate change? Is it real?",2.0,0.0
146826,[deleted],What are some sources/publications/studies supporting man made climate change produced by scientists without a pro-manmade climate change agenda?,1.0,0.0
147014,qwertyuiopthe,Is there any way to determine if an extreme weather event is caused by man-made climate change or if it's a natural occurrence?,1.0,0.0
147162,eritz4369,My parents are climate change deniers. What can I show them that will convince them otherwise?,1.0,0.0
147995,FatGuyANALLIttlecoat,How is global climate change going to affect the planet in the next 50-150 years if it isn't stopped? Sub questions inside.,1.0,0.0
148014,jonsknownothing,"Really, how serious are the implications of the climate change?",0.0,0.0
148130,[deleted],Will the effects of climate change likely see fast mass extinction or gradual reduction in population size?,1.0,0.0
148509,KeenanKolarik,Is the amount of early snowfall in the north eastern United States closely related (If at all) to climate change/global warming?,2.0,0.0
148778,[deleted],"With the split in opinion on the left and the right (politically) about climate change/global warming, should we or should we not be worried about it? Why or why not? And most importantly, is it real?",1.0,0.0
148882,[deleted],Why is there hardly any focus on the alternative solutions in the fight against climate change?,1.0,0.0
149671,[deleted],How much of a threat does climate change pose to humanity within this century?,1.0,0.0
150061,redditless,How accurate were the climate change predictions on last night's The Newsroom (S3E3)?,1.0,0.0
150589,[deleted],Does nitrogen dioxide contribute to climate change?,2.0,0.0
150653,[deleted],"[AskScience] When discussing ""climate change"", can we start saying ""accelerated climate change"" or ""human-accelerated climate change""? Would easily deter the argument of ""the climate changes anyway!""",1.0,0.0
150763,sir_astronaut,"Are there any gases that will actually reduce climate change? If so, could we reasonably put them to use?",42.0,0.0
150790,wibbitywobbitywoo,"What is the outlook for the north Atlantic's fish, from both ecological and industry perspectives in regards to climate change?",1.0,0.0
151664,LegendaryBlue,Is El Nino Southern Osscilation [ENSO] intensifying due to anthropogenic climate change?,1.0,0.0
152174,[deleted],Why is it getting hotter when they say climate change will make everything colder.,1.0,0.0
152177,[deleted],Why is it getting hotter when they say climate change will make everything colder?,1.0,0.0
152800,PlayingTooMuchWoW,Can I get indisputable proof of global warming/global climate change?,1.0,0.0
152822,Robbylynn12,How could there be from a result of climate change increased drought and increased precipitation in the future?,1.0,0.0
152862,danokablamo,"I'm surrounded by climate change deniers and petroleum engineers, please direct me to the evidence I need to shut them up...",1.0,0.0
152870,danokablamo,"I'm surrounded by climate change deniers and petroleum engineers, Can you all please direct me to the evidence I need to shut them up once and for all?",1.0,0.0
152876,[deleted],The climate change video from the Newsroom is causing quite a stir in r/politics. How true is what is said in this video clip?,1.0,0.0
152889,the-flying-finn,Good sources to learn more about climate change?,1.0,0.0
152912,clevergirl11111,What are some of the most likely human adaptations for life on earth when climate change has taken even more dramatic effect?,1.0,0.0
152915,[deleted],Can someone explain climate change in an easy to understand way?,1.0,0.0
152950,[deleted],Is manmade climate change screwing us over? (Is this video factual?),1.0,0.0
153026,[deleted],Let's say I am a person living through when shit really starts to hit the fan with climate change. In layman's terms what am I actually witnessing happen to the earth? How does it affect my daily life?,1.0,0.0
153133,[deleted],How long after the sun burns out will we receive it's light?How long will it take to visually see dramatic climate change?,1.0,0.0
153134,ahab_ahoy,Can we artificially sequester carbon out of the atmosphere to combat climate change?,0.0,0.0
153440,kleini,Is there a consensus in the academic world about global warming (or climate change)?,1.0,0.0
153490,TheOrtissis,"If we see ""worst case scenario"" climate change, which species will die and which will thrive?",175.0,0.0
153799,[deleted],We know that there's overwhelming consensus that climate change is real and caused by human activity. But what does the science say about the argument that have already done so much damage that it is inevitable that we will eventually have massive destruction of inhabited land and loss of life?,1.0,0.0
153818,SrAThrowaway,"We've seen large areas on Earth erode into deserts due to climate change, but are there areas in the world that are doing the exact opposite?",1.0,0.0
154105,[deleted],"Is becoming a Pilot morally reprehensible, knowing what we know about anthropogenic climate change?",1.0,0.0
154553,Leelluu,"With climate change going in the direction it has been, what is the likelihood of a crisis-level drought occurring in the US in our lifetimes?",4.0,0.0
155730,RickHadANubianGoat,What are some accurate resources for non-scientifically literate people to learn the facts about climate change?,1.0,0.0
155753,timothybugjunior,What was discovered about climate change that changed it from a hotly debated issue to a universal truth?,2.0,0.0
155896,josephdrupal,How do we know that current climate change is caused by human behavior and not a natural climate change?,1.0,0.0
155921,[deleted],What are the best facts/studies to refute the absurdity of climate change deniers?,1.0,0.0
156619,kabong3,How do we know that the global climate change data from Vostok and Keeling are comparable?,1.0,0.0
156958,[deleted],"If the notion exists that Mars can be terraformed, why could we not use that idea to deal with climate change? [x-post /r/showerthoughts]",1.0,0.0
156988,[deleted],"If the notion exists that Mars can be terraformed, why could we not use that idea to deal with climate change?",0.0,0.0
157467,tigerpants888,Why do some people think that climate change doesn't exist?,1.0,0.0
158255,dannyboylee,"Is it a ""false equivalency"" to compare people who are anti-vaccination to people who don't believe in climate change?",1.0,0.0
159021,[deleted],"I believe in global climate change, but I'm naturally skeptical. Can you help answer about the comparability of CO2 data collection methods?",0.0,0.0
160169,Grabthars-Hammer,"Roughly, how much longer will humanity survive the effects of climate change?",1.0,0.0
160581,Chewhawka,How much would Earth's climate change if ice happened to be denser than liquid water?,1.0,0.0
161286,CrazyPupil,What is bad about climate change?,1.0,0.0
162165,aDinoSupremacist,"In case the worst possible situation from climate change occurs, what kind of shape will humanity be in?",1.0,0.0
162198,Brman1123,What is the science supporting or disproving climate change?,1.0,0.0
163233,higgs8,"It snows less and less each year, has this got anything to do with climate change/global warming?",1.0,0.0
164832,Technicolours,"How true is this The Newsroom segment regarding climate change? Are we out of time to make a difference, or is there still hope?",0.0,0.0
164927,thomas533,Can we solve the climate change issue by sequestering carbon in the soil?,15.0,0.0
167094,Yuli-Ban,Could we trigger volcanoes as a last ditch effort to ward off climate change?,1.0,0.0
168391,sintrastes,Why can we predict macro weather patterns (i.e. climate change) better than we can predict short-term weather conditions?,6.0,0.0
168829,[deleted],What small steps can I and other Redditors take this year in helping to prevent climate change?,1.0,0.0
170078,[deleted],How much do wars contribute to greenhouse gases and climate change?,1.0,0.0
170167,graaahh,Is it accurate to blame extremely unseasonal weather on climate change?,1.0,0.0
171594,remguru,"Looking at the climate patterns of Mars and Venus, can we make predictions of the climate change on Earth?",0.0,0.0
171801,jo9008,Is public support the only thing stopping nuclear power from practically solving human contribution to climate change?,1.0,0.0
171997,night_writer,Help me convince my anti-climate change friend that anthropogenic climate change is real.,1.0,0.0
172014,night_writer,Can someone help me to explain climate change to a denier?,1.0,0.0
172129,yell0w_snowman,"Given that climate change will cause incredible amounts of ice to melt into the ocean, causing sea levels to rise significantly, will the sheer amount of weight being redistributed have any major impact on the planet on it's own?",1.0,0.0
172877,gsfmembr,"If NASA stops researching climate change, what other organization would be the best to take over the research?",1.0,0.0
172897,AniMeu,Tree-scientists: How will forests and trees adjust to the climate change in forests (central europe for example)?,4.0,0.0
173205,blurrywhirl,"When talking about climate change, why is so little attention given to Nitrous Oxide?",2.0,0.0
173389,perliczka,"Is it possible to delay the climate change problem by sateliting large areas of thin, reflective material (such as thin tin foil)?",1.0,0.0
175746,kipboss457,How significant is the human influence on climate change?,1.0,0.0
175866,Maboo,Serious question: Is it possible the food chain and therefore and/or support of essential life forms on earth could entirely collapse through human induced climate change ? Are there any simulations ore predictions of possible scenarios ?,1.0,0.0
175913,DavyXDuck,"My dad is a young earth creationist and believes climate change is a hoax, how can I give him irrefutable evidence that the world is more than 6,000 years old and climate change is an issue?",1.0,0.0
175968,[deleted],How much of climate change is our fault?,1.0,0.0
176374,[deleted],Is there any credible argument to support the belief that climate change is a hoax?,1.0,0.0
176942,velvetfletch,Do we have enough time to fix our climate change issues? Is it feasible that we can turn it all around?,1.0,0.0
176976,sexychic69,Why does climate change have to be catastrophic??? Wouldn't warmer conditions make vast areas of land in Russia and Canada more habitable ???,3.0,0.0
177377,Doncuneo,"Where in the world is the best place to ""sit out"" climate change?",1.0,0.0
177440,NotAnOnionz,"What are reasonable worst-case scenarios for climate change within the lifetime of young people, and what strategies could individuals reasonably apply to avoid being affected by them ?",1.0,0.0
177642,Gawd129,Would it work to create a small scale environment to simulate climate change?,1.0,0.0
178184,[deleted],How is Willie Soon's research on climate change viewed in the general scientific community?,0.0,0.0
178365,2DHypercube,Would white sheets on the desert combat climate change?,1.0,0.0
179098,perceptio15,"Is there any evidence at all that man-caused climate change isn't real? Is it truly an open-and-shut case? Is there any doubt whatsoever that it is real, or is there some evidence that seems to contradict it?",0.0,0.0
179136,honeypuppy,"If all the world's oceans froze completely, how long would it take them to return to normal? And how would Earth's climate change in the interim?",1.0,0.0
179517,clarkeylogic,"Could it be that the 'great filter' is climate change, and because of this humans are never going to advance above a tier 1 civilisation? (And be wiped out)",1.0,0.0
180136,batterypacks,Do we have to become completely carbon neutral in order to stop climate change from progressing further?,2.0,0.0
180698,[deleted],"While it's pretty much proven that climate change is occurring, how serious is it really?",1.0,0.0
180707,tscongack,What evidence exists that demonstrates causation of human intervention in climate change?,1.0,0.0
181158,[deleted],"With recent climate change awareness articles saying things like ""no more coffee, bacon, etc,"" will humans of the future be able to afford artificial versions of these products?",1.0,0.0
181833,StudentforaLifetime,What legs do climate change deniers stand on?,1.0,0.0
182456,Signior,How is climate change measured?,0.0,0.0
182475,gobblyjimm1,"My dad doesn't think humans have greatly influenced climate change, what can I tell/show him to change his mind.",1.0,0.0
182615,cayneabel,"Is there REALLY no legitimate debate to climate change? - i.e., whether the earth is NOT experiencing significant warming, or it is, but it's NOT man-made?",0.0,0.0
184378,Doctorwhat13,What are some of the arguments FOR anthropological climate change?,1.0,0.0
184813,zeinshver,I'm not smart enough to refute this refutation of climate change. Will somebody take a look at it?,12.0,0.0
185258,[deleted],What is the best evidence for climate change?,1.0,0.0
185739,yoloswagninetieskids,Recommended reading on climate change and other human impacts on the environment?,1.0,0.0
186174,[deleted],"Is Carbon Capture and Sequestration a potential component of a solution to climate change, or green wishful thinking?",1.0,0.0
187166,Pharphenugen,Is it possible to genetically modify a tree (or any plant) to absorb more Carbon Dioxide to reduce the effect of climate change?,1.0,0.0
187517,Jizzneyland_Journey,"If tropical rain forests account for approximately 20% of global photosynthesis, why don't they contribute to reduction in global climate change from excess CO2?",1.0,0.0
187527,Splynter,"What factors other than green house gases, are contributing to climate change?",1.0,0.0
188885,scaldingpotato,My uncle is a climate change skeptic.,1.0,0.0
188908,level10peon,What is the likely range of possibilities for the trajectory of climate change?,621.0,0.0
189099,Sly_Sicarius,What we do about climate change?,1.0,0.0
189883,ilikepho,Has anyone studied the likelihood of humans responding to climate change before we face the worse scenario?,1.0,0.0
189937,cwood1973,Is there any truth to the claim that climatologists have financial incentives to pursue research which supports the theory of anthropogenic climate change?,1.0,0.0
190336,Prayball,Who funds the studies that argue that climate change is real?,0.0,0.0
191982,Teeklin,Can someone help me find some easy to read and understand resources that might help my Dad understand climate change? I keep running into this issue when I'm trying to debate with him and I don't know where to point him to learn.,1.0,0.0
193233,[deleted],"/u/captainrockwelltorrey did his climate change ""research"" and is ready to have it peer-reviewed. ""Who do you recommend as an unbiased entity for that?""",1.0,0.0
193667,montani_semper_libri,Where could you find the raw temperature data used for climate change modeling?,1.0,0.0
193872,planegenius,"Do the longer, colder winters in Ohio have anything to do with global warming and climate change?",1.0,0.0
193913,pi3th0n,"If correlation doesn't imply causation, how can scientists claim that humans are causing climate change? Are there other ways to prove causation than by performing an experiment?",1.0,0.0
194744,Gary_Kingofthehumans,What are the big questions in climate change today?,1.0,0.0
195496,greiton,Can increased livestock grazing really solve our climate change issues?,1.0,0.0
196133,ChickinSammich,Is climate change why the weather has gotten weird? Or is it something else?,1.0,0.0
196550,[deleted],When someone says they dont believe in global warming/climate change what does that mean? And what's the best way to respond?,1.0,0.0
196817,campoutside,"Any ""cottage industries"" resulting from climate change?",1.0,0.0
197151,LeftyBigGuns,"Could someone please tell me how (and if) our current period of climate change can be affected by things like precession, obliquity, and eccentricity?",1.0,0.0
198087,tit4tatmrhero,Can we physically move CO2/Methane/etc. out of our atmosphere on a mass scale to combat climate change?,1.0,0.0
198170,[deleted],My roommate believes his professor disproved climate change. Can you guys tell me why his logic is flawed so I can explain it to my roommate?,1.0,0.0
198341,[deleted],"With climate change at it's current pace, what kind Of changes are likely, specifically in the pacific NW?How fast will they occur?",1.0,0.0
198535,lordx3n0saeon,"If nuclear-powered desalination was used to water the deserts of the earth, could the carbon-sink created by the resulting forests and crops turn the tide on climate change?",1.0,0.0
199908,[deleted],"Last year, the weather jumped from summer to winter, with a very short autumn. This year, it feels like winter will jump to summer with a very short spring. Could this be an effect of global climate change?",1.0,0.0
200654,CunningAllusionment,Is there anywhere on Earth that's expected to get nicer/more abundant b/c of climate change?,1.0,0.0
200953,[deleted],What is the estimated economic impact of global warming at the current rate of climate change?,1.0,0.0
200956,Poorplepills,Is there anything the average citizen can do to help combat climate change?,1.0,0.0
201583,All_the_lazy,"Regardless of the cause of climate change, warming earth means rising sea levels. If all the ice melts, how much will sea level rise and what is the evacuation plan?",1.0,0.0
201780,AskTheRiteQuestions,Is climate change theory falsifiable?,1.0,0.0
201830,rob_var,Can the effects of climate change be reversed?,1.0,0.0
201898,Ladogite,update on both FL and Congress against climate change from Good source,1.0,0.0
202068,[deleted],Are there any theories proposing means of haulting or dramatically slowing the melting of glaciers and the rising of sea levels due to climate change?,1.0,0.0
202733,tendimensions,How exaggerated is the scene from HBO's The Newsroom about climate change being too far gone?,1.0,0.0
202752,skepticuser,How do we know climate change isn't a hoax?,1.0,0.0
202873,basabeo,What are some solutions in international cooperating to combat climate change?,2.0,0.0
202937,Tude,Would growing plants on your roof be good or bad for climate change?,1.0,0.0
203423,insalata_mista,"Since the O2-CO2 ratio is out of balance due to climate change, why is it a limiting factor in greenhouses?",0.0,0.0
203462,[deleted],Where on the net can I find the scientific data backing up the claims on climate change?,0.0,0.0
203868,NEVERDOUBTED,What do the man made climate change proponents feel about the position of MIT's professor Richard Lindzen that climate change is not related to human factors?,1.0,0.0
203898,[deleted],Could this climate change be the earth cleansing itself of us? Getting rid of all the crap we created and starting from scratch?,1.0,0.0
204400,NEVERDOUBTED,What do the man made climate change proponents feel about the position of MIT's professor Richard Lindzen that climate change is not related to human factors?,1.0,0.0
204601,[deleted],How much influence does the Sun have on current climate change levels?,1.0,0.0
204782,[deleted],"If someone said to you that they do not believe humans are the cause of climate change (or ""global warming""), would you agree or disagree with them? What would you say to argue your point?",1.0,0.0
204827,WhoRedditsanyways,Ok I've been convinced of climate change for awhile now. Tell me as one human what I can do to make an impact?,0.0,0.0
204887,naw1423,"To buy a little time against climate change, could we burn atmospheric methane or clathrates?",1.0,0.0
204990,[deleted],"Who was the first to propose the problem of climate change in the 70's, and who were the biggest names opposing the idea?",1.0,0.0
205110,Jasperodus,Would it be easier to prove that climate change is happening by trying to measure the planet's temperature from further away—like from Mars?,1.0,0.0
205198,Chlorophilia,How much of an impact do cosmic rays actually have on climate change?,0.0,0.0
205267,[deleted],How much influence does the Sun have on current climate change levels?,1.0,0.0
205617,mdopoiex1,Why does so much of the population not believe the earth's weather isnt caused by climate change?,0.0,0.0
205816,ffffantomas,How much influence does the Sun have on current climate change levels?,1.0,0.0
206237,thebabaghanoush,"In college a Professor said sea level rise from climate change will be caused more by thermal expansion of the oceans than water volume added by melting glaciers. However I rarely, if ever, see this mentioned. Is this true?",12.0,0.0
206820,drjellyninja,How much can direct heat input contribute to climate change?,1.0,0.0
206934,yargaque,"As sea levels rise due to climate change and flood coastal areas, will there be a similar rise in freshwater waterways? Will rivers, streams and creeks located far away from the coast also rise and flood adjacent lands?",88.0,0.0
207421,[deleted],"What's the worst possible, but still realistic, consequences of climate change? (Within a realistic timeframe)",1.0,0.0
207509,sometimesynot,"Is there a way to quantify the error in models of climate change, and has anyone done it?",2.0,0.0
207691,[deleted],Is global warming/ climate change actually good for global vegetation?,1.0,0.0
207698,at_a_medium_pace,"At this point, it seems that reducing global carbon emissions enough to reverse climate change is close to impossible. Could we possibly develop an artificial method of absorbing carbon from the atmosphere and bury it in the ground?",1.0,0.0
208169,UlvOvVinter,How do I explain the overwhelming evidence in support of human-caused climate change?,1.0,0.0
208347,[deleted],Are there any positive effects from climate change?,1.0,0.0
208493,I_LOVE_MOM,[Meme] We've recently seen proof that climate change causes autism and vaccines aren't real; what other scientific 'theories' will soon be debunked?,0.0,0.0
208538,ThoughtRenegade,Why is/isn't global warming or climate change an issue?,1.0,0.0
208810,Shill_of_Halliburton,What impact on average wind speeds and gusts has climate change had?,1.0,0.0
209745,neko819,Will the polar ice caps melt completely if climate change continues?,1.0,0.0
209930,[deleted],Why is it so hard to convince people of the science behind climate change?,1.0,0.0
211402,timz45,Can anyone explain to me the argument used by climate change deniers to explain our ever-hotter Earth?,1.0,0.0
211822,feelytouch,Why do people deny climate change?,1.0,0.0
212157,ThePhantom7,Would it be possible to modify a plant to consume thousands of times more CO2 than normal in order to counteract climate change?,2.0,0.0
212284,[deleted],Do you have facts/sources on global climate change?,1.0,0.0
212474,987f,How many people have died from human-caused climate change?,0.0,0.0
212481,hanktheskeleton,Which specific scientific fields does someone need to understand to best decipher the most important studies that pertain to climate change?,1.0,0.0
213750,dbumba,Do dogs understand seasonal climate change?,1.0,0.0
213807,iamnosaj,Why is climate change a big deal? Serious.,1.0,0.0
213860,Duck_Feet,How can I convince my parents that climate change exists?,1.0,0.0
214125,[deleted],In what ways could global climate change theoretically end all life (or just all human life) on Earth? How likely are these scenarios to occur?,1.0,0.0
215681,jo9008,When will feedback effects dominate the climate change models?,1.0,0.0
216815,rask4p,How is climate change modeled and what are the major uncertainties?,1.0,0.0
217466,thewhiteman666,What are some of the most promising and interesting scientific solutions to climate change?,1.0,0.0
217699,graffiti_bridge,How can I convince my dad that climate change is man made?,1.0,0.0
218715,[deleted],Are claims that scientists lose their funding if they disagree with climate change valid?,1.0,0.0
219012,[deleted],"Guys, I'm really scared of climate change. As a 20 year old, is there anything the common people of our generation can do? Is there hope?",1.0,0.0
219196,striker7770,How much will the volcano in Chile affect the climate? Is there a possibility that it can slow climate change?,1.0,0.0
219296,mmosbach,"Just curious, could the volcanic eruption in Chile yesterday affect climate change? (i.e. speed up)",1.0,0.0
219331,SimplyCapital,How does the eruption in Chile compare to human carbon emissions and pollution in relation to climate change?,1.0,0.0
219406,[deleted],"Instead of preventative measures, what are the most promising post-severe climate change methods of returning the atmosphere to a stable place?",1.0,0.0
219833,Generalchaos42,What are some good research papers on climate change?,1.0,0.0
219839,SaintJackDaniels,CNN said that a climate change of 2 degrees will fundamentally change our world. Is there any evidence of this?,4.0,0.0
220284,[deleted],With climate change are we starting to see more and more tornadoes?,1.0,0.0
220703,Alpy94,Did climate change start affecting agriculture?,1.0,0.0
220807,sq59,What are the specific flaws in this argument against man made climate change?,1.0,0.0
221094,bodhisattv,Is the Californian Drought an extreme weather event that can be linked to climate change?,1.0,0.0
221767,[deleted],"If rising ocean levels are primarily caused by the thermal expansion of water, is there a limit to ocean level rises caused by climate change?",1.0,0.0
222237,Yuli-Ban,Where are all the links/articles/papers supporting and confirming climate change?,1.0,0.0
222478,ASDPT,"If volcanoes can create temporary climate change, how big of an eruption would be required to temporarily reverse global warming?",1.0,0.0
222887,GnosticTemplar,"What are the current solutions being floated around for climate change? Is mitigation likely, or even politically feasible?",1.0,0.0
222893,GnosticTemplar,"What are the current solutions being floated around for climate change? Is mitigation likely, or even politically feasible?",1.0,0.0
223243,[deleted],Please give me the best reasons to doubt anthropometric-caused climate change.,0.0,0.0
223420,Tim__OK,Give me the best argument to doubt anthropocentric-caused climate change?,1.0,0.0
223489,Tim__OK,Please give me the best reasons to doubt anthropocentric-caused climate change?,1.0,0.0
223493,bewilderedhill,What will come first: human colonization of other planets or climate change destroying us all?,1.0,0.0
223578,[deleted],Driving forces behind climate change prior to arrival of mankind.,1.0,0.0
224779,[deleted],Can we really stop climate change and help the developing world at the same time?,1.0,0.0
224857,spunkmobile,Why do we not mention heat from combustion when discussing climate change but just greenhouse gas emission?,0.0,0.0
224970,[deleted],What's the best evidence we have that global warming / climate change is real?,1.0,0.0
225069,[deleted],How much does development contribute to climate change?,1.0,0.0
225325,noahrgoudy,What is the most surprising fact about climate change you know?,1.0,0.0
225640,CameraGuy123,Do you think we'll end up living in a biosphere due to climate change?,1.0,0.0
225729,mrsagewise,"Can harnessing ""Green""(Solar, Wind/Water Currents) Energy on a Large scale affect climate change?",1.0,0.0
226250,Macscroge,"Is the increase in atmospheric CO2 ,due to climate change ,having a noticeable effect on the rate of plant growth?",1.0,0.0
226318,agtwork,What evidence points to climate change being human-driven? How do we know it isn't part of a natural cycle of things? Don't warmups and cooldowns happen often through history?,1.0,0.0
226405,[deleted],What solutions for global warming/climate change are most promising?,1.0,0.0
226805,yeshanSWE,What is main reasons for climate change besides carbon emissions?,1.0,0.0
227258,nilestyle,How accurately can we measure the Earth's periapsis/apoapsis to the sun? Without causing a climate change debate: to what degree could this distance fluctuation in relation to the sun affect Earth's climate?,5.0,0.0
227835,[deleted],Why isn't planting a enormous amount of trees a solution to climate change?,1.0,0.0
229248,theredditasker,"What is the best possible way to combat climate change, and what would we have to do?",1.0,0.0
229548,[deleted],"Is it possible to turn deserts into fertile, hospitable land? What kind of resources would it take? If it can be done, would the climate change?",1.0,0.0
229634,darthvolta,How much would our climate change if the Earth's rotation and revolution period's were exactly the same?,2.0,0.0
229906,WhiteRussian90,The US hasn't had a category-3 hurricane make landfall in 9 years. Isn't climate change supposed to increase the severity and/or frequency of storms?,1.0,0.0
229962,kylefunion,Is Iron Fertilization a feasible stopgap to climate change?,5.0,0.0
230418,I_Have_Many_Names,What will improve as a result of climate change?,1.0,0.0
230536,CapnJackH,What factors contribute to climate change?,1.0,0.0
230629,jerrodm,"[Climate Change] With the inevitable increase sea water from climate change, will the orbit of the moon be affected?",1.0,0.0
230891,Spoooooooooooooky,Reading a bit about climate changes in history it seems that there always have been big hot and cold era's. Why is climate change such a big deal when history tells us humans can survive hot and cold era's?,1.0,0.0
231002,prince528,ELI5: How does climate change affect the carbon cycle?,1.0,0.0
231333,zeppelin1234,What is the real deal with climate change and the environment? Each day I see posts on the front page saying we're making progress and also posts saying it's the end of the world.,1.0,0.0
231406,Scubetrolis,"If every person/nation in the world agreed to stop climate change, would that stop what is happening?",1.0,0.0
231865,[deleted],How can I convince my father that climate change is real?,1.0,0.0
231891,imdirtysocks45,Is it possible to reverse climate change quickly?,7.0,0.0
231916,labracadabradorr,What makes scientists so certain that humans are the main driver behind the climate change we're currently experiencing?,1.0,0.0
231957,ididnoteatyourcat,Question about climate change from non-skeptic,9.0,0.0
232146,der_oats,Can I please have information and resources about global warming / climate change?,1.0,0.0
232752,fluut677,will climate change likely cause the human race to go extinct within the next 100 years?,1.0,0.0
232772,diddyd_1,What tangible effects of climate change denial will be apparent in the near/far future?,1.0,0.0
233108,Tetrylene,How can I convince my father that human-caused climate change is real?,1.0,0.0
233378,[deleted],What is some solid evidence proving man made climate change?,1.0,0.0
233429,rjudd85,What can the average person do about climate change?,1.0,0.0
233432,rjudd85,What can the average person do about climate change?,1.0,0.0
233486,VaticanCattleRustler,What are some good books on climate change?,1.0,0.0
233665,Loves_long_showers,"If climate change is left unchecked and becomes fully realized, where will the new best cities to live in be?",1.0,0.0
233993,Darceus,What evidence do otherwise intelligent people use to deny climate change?,1.0,0.0
234290,[deleted],"With an impending El Nino declared, what are the likely effects on global temperatures related to climate change?",1.0,0.0
234434,WatsmynameEgan,"There are now news stories almost every day about acidic oceans, destabilizing ice shelf's, etc, that nobody seems to be overly concerned about. At what point should I really start to panic about climate change &amp; take steps to protect my safety as an individual?",1.0,0.0
234516,jesuz,"With an impending El Nino declared, what are the likely effects on global temperatures related to climate change?",2.0,0.0
235841,meatb4ll,"What are the most important articles on climate change, why, and where can I read it?",1.0,0.0
236098,_freshsteamingturd_,Evidence for anthropogenic climate change?,1.0,0.0
236400,Yuli-Ban,Might you present some links to scientific/peer reviewed papers proving climate change?,1.0,0.0
236476,asi_ka,Is there any evidence that ties recent nonstop rain in Texas and other areas to climate change?,3.0,0.0
236585,187ninjuh,"Will there be any positive effects of climate change, or are we all screwed?",1.0,0.0
236603,BenTheHokie,"How long would the sun have to ""turn off"" to reduce climate change to pre 1950's levels?",1.0,0.0
236898,x4vior,Is there any data that suggests the recent severe weather in North America is linked to climate change?,1.0,0.0
237408,PhilosophicalBrewer,"From the standpoint of climate change, what location(s) on Earth will remain comfortably habitable over the next several centuries?",1.0,0.0
237503,[deleted],"With our current rate of global climate change, deforestation, and killing of species, how long would it take before the earth is no longer at our disposal? How much would we have to change to stop/slow it down immensely?",1.0,0.0
237534,theangleodangle,How long does a drought have to last before it is considered climate change?,1.0,0.0
237721,[deleted],Is there really a debate within the scientific community about climate change?,1.0,0.0
238283,[deleted],My friend was trying to tell me how climate change isn't real. Can you please help me explain to him why it is real?,1.0,0.0
238739,matiashoffmeyer,"What would the effects be of removing mass from Earth, lowering gravity slightly? Could it help fight climate change (less gravity, less energy comsumption in transport for example)?",1.0,0.0
238817,[deleted],Is this article on climate change accurate or misleading?,1.0,0.0
240135,[deleted],Will climate change be serious problem for the developed world over the next 200 years?,1.0,0.0
240481,CyclingTechHelpPlz,Where's the best place to be when climate change really starts kicking us?,1.0,0.0
240487,[deleted],What are some papers and articles I can read to educate myself on global warming/climate change?,1.0,0.0
240635,redbaronD,Is climate change caused by humans?,0.0,0.0
240962,CoryTV,"Is it possible climate change is still caused by humans, but the carbon emissions are a side effect or intensifier, rather than the root cause?",1.0,0.0
241143,beelzebubs_lawyer,"Could solar power, on a large enough scale, also cause climate change?",1.0,0.0
241653,[deleted],Is there evidence for anthropogenic climate change or not?,1.0,0.0
243279,[deleted],"This article is trying to discredit climate change, is it a valid claim or not?",1.0,0.0
243488,Ghostclone22,what are some resources that prove the existence of human caused climate change?,2.0,0.0
243952,SmilesOnSouls,"By how many degrees must the Pacific raise in order for CA to start getting hurricanes similar to FL? Based on current climate change models, how long before this is a reality?",1.0,0.0
243984,HillsHaveHippos,What are the impacts of climate change that we are likely to see within the next fifty years?,1.0,0.0
244697,coneballs15,What is the science behind the theory that the present climate change will cause an ice age?,1.0,0.0
245962,bacchus213,Has what's been happening in Texas been predicted in any climate change models?,1.0,0.0
246360,[deleted],How will the climate zones in the United States evolve from the effect of climate change?,1.0,0.0
247000,Speculater,"Most educated people are aware of the consequences of climate change. What would be some benefits? Such as longer growing seasons, inhabitable areas previously too cold, new lakes.... If any.",1.0,0.0
247009,Pyronaut44,Has there been any research into the effects on climate change of the increasing number of blacktop roads?,1.0,0.0
247017,yatsthecats,Is it possible to build giant carbon dioxide scrubbers like the ones used on the space station to start reversing climate change?,1.0,0.0
247119,Connorrrrrrrrr,How definitive is climate change?,1.0,0.0
247265,cheezus_mice,How much will the climate change over the course of the next 100 years?,1.0,0.0
247852,orange_lazarus1,How much of an effect if any does all the cement and asphalt have on climate change?,2.0,0.0
247870,biggirlangry,Could harvesting glaciers ever become a viable option as climate change persists?,1.0,0.0
248754,iprefertau,what are some positive things about climate change?,1.0,0.0
249260,DartRest,What are some positives for humans of climate change?,1.0,0.0
249693,verbass,Could mars be barren as a consequence of climate change caused by life millions of years ago? bear with me,1.0,0.0
250930,StringentCurry,What are some of the more likely changes we are likely to experience as the effects of climate change/global warming continue?,1.0,0.0
253297,dace_8,Geoenginering and climate change,1.0,0.0
253312,dace_8,What would be the biggest issues if we where to geoengineer the planet to combat climate change?,1.0,0.0
254274,1-900-OKFACE,Could we tether rockets into space and increase the rotational velocity of Earth? Would this help with climate change?,1.0,0.0
254281,technon,When will climate change start to have a noticeable effect on our daily lives?,1.0,0.0
255477,AhnDwaTwa,What are the counter-arguments to the deniers of climate change and human intervention?,1.0,0.0
255567,legendariusss,What is the evidence for climate change and global warming?,1.0,0.0
255912,[deleted],"Where did the commonly stated ""98% of scientists agree on climate change"" statistic originate?",1.0,0.0
255920,Syncopian,Is Elizabeth Kolbert's book 'The Sixth Extinction' a dependable and factual source of information on climate change and Earth history?,1.0,0.0
256029,worldsarmy,"In past climate changes or periods of glaciation, Arctic flora and fauna migrated towards the tropics; in periods of global warming, did tropic animals migrate towards the Arctic or simply die off?",1.0,0.0
256339,[deleted],Say our only hope to halting climate change is capturing carbon from the atmosphere on a massive scale. How would that be done? What would it look like?,1.0,0.0
256410,funke75,What are the likelihoods of cold earth climate change verses hot earth.,8.0,0.0
256503,[deleted],[Serious] Where will real estate go up in value and what will go down in value in 50 and 100 years due to climate change?,1.0,0.0
256657,[deleted],Let's talk climate change.,1.0,0.0
256664,blunderchief,A recent study of sun activity found that solar activity will likely drop to that of the last mini ice age in 1645... how could this affect our world given the effects of climate change?,14.0,0.0
256693,come_in_ski,"As an engineer, how can I help to address climate change?",2.0,0.0
256707,jbird221,Is there a way we can contribute to global climate change on a different planet to make it more suitable for human life?,10.0,0.0
256711,Crushed_lotus,Why are so many people anti climate change if the end result of climate change is a good thing?,1.0,0.0
256785,[deleted],"If climate change continued at the rate that is currently measured, how long would it take for previously 'un-cultivatable' lands to become accessible to humans?",1.0,0.0
256831,Skyblue_Aardvark,Is there any way to extract greenhouse gasses from the atmosphere? Would this help with climate change? Could we use the gasses meaningfully?,1.0,0.0
256971,elvorpo,"Is there any way that ""geoengineering"" might prevent humanity from suffering the catastrophic effects of climate change in the next century?",1.0,0.0
257184,josh_wal,Is or is not climate change 'man-made'?,1.0,0.0
257758,quibblefish,How big is the thermal expansion of water contributed to the rising of sea level in today's climate change?,1.0,0.0
257775,[deleted],Is the Earth irreversibly doomed by climate change/overpopulation or can it truly be saved?,1.0,0.0
257778,bipolrgilb,"Will it be unfortunate for the next generation (by 2030-2050's) to be raised now, now that climate change is heightening and inevitable?",1.0,0.0
258119,[deleted],Would increased water assoc. w/climate change increase water pressure and cause more continental drift and volcanic activity?,1.0,0.0
258124,RenoZephyr,Would increased water assoc. w/climate change increase water pressure and cause more continental drift and volcanic activity?,1.0,0.0
258319,[deleted],What is the latest one climate change?,0.0,0.0
258324,cntry82txn,"What does this ""mini ice age"" predicted by sunspot models to occur by 2030 mean for Global Warming and climate change?",1.0,0.0
260099,GreedoGrindhouse,"As global warming/climate change progresses which places would benefit? Will any deserts start getting rain, will Asian tundras thaw into plains good for farming, what are some neutral changes which won't negatively impact civilizations too much?",1.0,0.0
260371,Atlasnew,What is some visible evidence of climate change?,1.0,0.0
260652,RainTea,Is it too late to control global climate change?,1.0,0.0
260980,[deleted],Are we at a point of no return with human contributions to climate change?,1.0,0.0
261229,aspiringcouch,"How will I, a teenager, be affected by global climate change in the future?",1.0,0.0
261396,Fafafohigh,"Everyone talks about how fuel cell cars will be great for the environment because their only emissions would be water vapor. But, wouldn't releasing water vapor into the atmosphere at a global scale for hundreds of years cause just as much climate change as CO2 emissions?",1.0,0.0
261869,Tim__OK,Best reasons to doubt anthropocentric climate change?,1.0,0.0
262065,[deleted],Veracity of these articles are they relate to climate change?,1.0,0.0
262095,[deleted],"Considering the dire state of the earth's climate and the ""It's already too late"" mentality, are there any potentially outrageous but plausible theories for a way to completely stop and reverse global climate change?",1.0,0.0
262271,DerektheGhost,Is there a part of the globe that would be relatively unaffected by climate change?,4.0,0.0
262416,depressive_anxiety,What is the truth about climate change in the last 15-20 years?,1.0,0.0
262747,[deleted],What would be the benefits of global warming/climate change?,1.0,0.0
262812,Tonelope,I have a friend who is a climate change denier. What arguments can I use to help him understand that it is not a myth? What sources can I use to support my argument?,1.0,0.0
262826,[deleted],What can I (an average citizen) do to effectively act against climate change? [SERIOUS],1.0,0.0
264566,mhmmcoffee,Evidence for climate change and the statistic that 97 percent of climate scientists agree that it is real?,1.0,0.0
265776,[deleted],([https://www.youtube.com/watch?v=RkdbSxyXftc]How would you debate the man denying climate change in this video?),1.0,0.0
266010,Goodthink84,"Climate change believers, what hypothetical evidence would make you doubt whether carbon emissions are causing consequential climate change?",1.0,0.0
266220,jsullivan1331,"Given the current projections of sea level rise and increasing occurrences of extreme weather events, which places in the US or the rest of the world would be the safest from the effects of climate change?",1.0,0.0
266377,lemonylol,"What is actually being done, or could be done as a solution to reverse the effects of global climate change?",1.0,0.0
267251,[deleted],Where can I find somewhat straight forward and simplified info about climate change?,1.0,0.0
267712,ari_daniel,"AskScience AMA Series: I'm Ari Daniel, science journalist and radio producer. I just lived on a glacier in Greenland for a week while reporting climate change stories for NOVA and PRI's The World. AMA!",1277.0,0.0
268107,TheTalkingBook,"Climate: OK, what is the actual percentage of scientists that think that human caused climate change is real.",1.0,0.0
268321,Vitaeamor,"If I want to study climate change and how animals are being affected by it, would I study atmospheric science or ecology?",1.0,0.0
268524,TheNonDuality,"If every government/person/organization did all it could to end climate change, could we stop or reverse it, or is it too late?",1.0,0.0
268660,soggyindo,Do any psychological studies explain climate change denial?,0.0,0.0
268674,DarthVaderLovesU,"Based on climate change models, should I stay in Dallas, TX or move to Portland, OR?",1.0,0.0
268994,6F6A9O9,What is the worst case scenario that we're looking at if climate change goes unchecked?,1.0,0.0
269330,werekoala,Has climate change made weather forecasts less accurate? Is it expected to?,1.0,0.0
269387,bshooter1,What's one simple piece of clear data that I can show my family who doesn't believe in climate change? Something almost ELI5'ish,1.0,0.0
269417,EuropaUnited,When is the next Ice Age and could this slow or reverse climate change?,1.0,0.0
269493,Chlordane,"What are possible ""mad scientist"" strategies that could affect climate change?",1.0,0.0
270084,[deleted],Are we past the point of no return for climate change and if so what are the current consequences? Why is nothing really being done about it?,1.0,0.0
270320,[deleted],"Is the technology available to convert carbon dioxide to oxygen? If so, how much could it reverse climate change?",1.0,0.0
271288,defcube,Questions about climate change,1.0,0.0
271443,[deleted],What's the worst case scenario for climate change? What can we expect?,1.0,0.0
271605,NexusChummer,"Update on climate change: There was a warm period during the middle ages, so why does a majority of scientists say that the current warming is man made?",1.0,0.0
273807,[deleted],A virus infects 100% of humanity. The infection's only effect is causing unanimous agreement worldwide on climate change/renewable energy. What needs to happen and how much will it cost to get to 100% renewable energy worldwide?,1.0,0.0
273833,Beanboy112,Some low level questions about climate change after watching Episode 12 of Cosmos: A Space Time Odyssey,1.0,0.0
273837,Beanboy112,"After watching episode 12 of Cosmos: A Space Time Odyssey, why is nobody doing anything about climate change?",1.0,0.0
274332,[deleted],About how many more years until climate change makes Las Vegas uninhabitable except for indoors/underground?,1.0,0.0
274334,[deleted],"Are brain eating amoebas in lakes, rivers, ponds, flourishing because of climate change?",1.0,0.0
274683,badamant,"What are the professional repercussions for ""scientists"" that are paid by an industry to back claims that are clearly false? Example: The fossil fuel industry funds those spreading doubt about climate change or CocaCola directly funding ""scientists"" who shift blame for obesity away from bad diets.",1.0,0.0
275314,[deleted],If farm animals are one of the largest contributors towards climate change can we give them a GMO feed that reduces the amount of methane they produce in both feces and flatulence yet still be nutritionally sound for the animal?,1.0,0.0
275316,CunningAllusionment,"Since world leaders seem unlikely to prevent catastrophic climate change, where is a good place to settle my family?",1.0,0.0
275610,CunningAllusionment,Is there anywhere that models predict will get nicer to live because of climate change?,50.0,0.0
276688,toadofsteel,"If all of humanity just suddenly stopped all non-biological CO2 production (factories, automobiles, etc), what would happen to climate change?",1.0,0.0
277181,AaronAizel,"What is something in the field of climate science that we don't know, but if we knew more, could drastically change the way we see climate change?",1.0,0.0
277658,carly_ray_reznor,Has local weather become harder to predict as global climate change becomes a larger factor?,1.0,0.0
278093,Delmarvelous,Could we put photosynthetic plants in the upper atmosphere to combat climate change?,1.0,0.0
279050,ross1550,What are the known long term impacts of anthropogenic climate change assuming a freeze in current emissions?,1.0,0.0
279673,superblinky,How much land would we have to dedicate purely to growing quick growing plants to capture enough carbon to tackle climate change?,1.0,0.0
280251,coneballs15,Has artificial global cooling ever been considered as a solution to climate change?,1.0,0.0
280310,definitelynotpatrici,"With current developments in climate change continuing like this, when are we first going to be affected by major climate events and how?",1.0,0.0
280351,2-buck,"For the research that contradicts climate change, what is the most common point they attack?",1.0,0.0
280533,nietzschelover,"Based off, of current climate change models, where is the best place for me to move to?",1.0,0.0
281141,[deleted],Is it accurate to equate the validity of homeopathy with that of climate change skepticism and intelligent design?,1.0,0.0
281212,AlexTheIndecisive,Why do people still deny climate change when there is clear evidence that it is occurring?,1.0,0.0
281714,Micioonthet,"What are some good examples of recent man-made climate change that can be presented to debunk global warming deniers, or to just educate everyone?",1.0,0.0
281791,deen416,Yesterday I found myself in a debate with a climate change doubter. What sources can I refer to convince them that climate change is scientific fact?,1.0,0.0
282450,mly61986,"I'm a 30 year old married male, living in the US in the suburbs of a city which is not near the ocean. We have fresh water sources available to us naturally. What is the most realistic impact climate change will have on my life?",1.0,0.0
282866,jbarnes222,"If climate change occurs at its current rate, regardless of our status as humans, won't organisms as a whole evolve to strike a new balance with the new environment?",1.0,0.0
283277,bo_dingles,Does climate change cause drought in some places but more rain in others?,1.0,0.0
284765,sprent2,What is the ridiculously resilient ridge and how does it relate to climate change?,1.0,0.0
284796,sprent2,what is the ridiculously resilient ridge and how is it caused by climate change?,1.0,0.0
285826,[deleted],"There are tons of arguments for anthropogenic climate change. But, from the objections to it, which one is the most reasonable/credible?",1.0,0.0
285910,Chuck3131,How would dropping nukes on the poles of Mars speed up climate change and would it really make it a liveable planet?,1.0,0.0
286087,Krankite,Is the temperature rise from climate change predicted to be higher for the northern hemisphere?,1.0,0.0
286116,[deleted],"If we could adjust the tilt of Earth's axis, could we use that to counterbalance climate change effects?",1.0,0.0
286770,[deleted],Is climate change an imminent threat?,1.0,0.0
287071,jubileeJohn,"In your opinion, which species are in the most precarious situations due to climate change? Or literature recommendations?",1.0,0.0
287096,[deleted],"Since the earth goes through natural climate change cycles, isn't it more likely that the world is going through a natural warming period, than for humans to be affecting the climate so drastically?",1.0,0.0
287230,wwoodrum,"When studying climate change, do scientists take in to account the cooling of other areas in response to global warming?",1.0,0.0
287240,1-q,"Let's say man-made climate change gets much worse before it gets better , where would be the ""safest"" places to live in the America (weather wise) be? What areas would be doomed?",1.0,0.0
287887,Nikerym,Could Some climate change be a result of Solar Power?,1.0,0.0
287891,Nikerym,How long would climate change damage take to reverse if you could somehow manage to block the sun from hitting the earth directly?,1.0,0.0
288061,UunderHouseErect,What the best proof that climate change is real?,1.0,0.0
288092,[deleted],"Is it possible climate change will give us, on balance, a better climate?",1.0,0.0
288243,[deleted],I'm 24. How will climate change affect me in my lifetime?,1.0,0.0
288974,IAmtheHullabaloo,"In terms of mitigating global climate change, is methane sequestration any easier than carbon sequestration?",1.0,0.0
289118,lucky_redditor,What is the biggest cause of climate change?,1.0,0.0
289768,[deleted],Could climate change be mitigated by lighting huge fires so the particulate matter partially blocks the sun?,1.0,0.0
289985,[deleted],How is climate change going to effect the Florida everglades?,1.0,0.0
290087,Matti_Matti_Matti,What will the effect on the water table be if the ice caps melt due to climate change?,4.0,0.0
291325,zaroberts,What are the arguments for and against climate change?,1.0,0.0
291531,July_Sandwich,Is there anything in the environment that is coming out ahead because of global warming/climate change? Or is it just all bad?,1.0,0.0
291990,[deleted],"When it comes to climate change, can we repair damage we have done or can we only try to level out and hope to keep it the way it is?",1.0,0.0
292973,ilikepho,"What is the probability that humans will respond to climate change before the ""tipping point""?",1.0,0.0
293012,[deleted],"Are any scientists studying the effects of climate change on the human race? If so, how bad will it be and are things we can do to survive?",1.0,0.0
293013,Jutboy,"Are any scientists studying the effects of climate change on the human race? If so, how bad will it be and are there things we can do to minimize the negative effects?",1.0,0.0
293107,[deleted],"If food agriculture is the leading cause of climate change, why aren't we fervently addressing this problem?",1.0,0.0
293609,[deleted],The majority of my knowledge of climate change comes from decade-old information. What are the current statistics and information regarding climate change?,1.0,0.0
293623,PetsArentChildren,"Regarding climate change, is there an optimal global temperature/climate for human civilization?",1.0,0.0
293759,thallunn,What is the worst case scenario for climate change? The best?,1.0,0.0
293808,WRTHG,"With the constant threat of climate change looming ever so near, why has nobody mentioned the need for population control as a method of reducing pollution?",1.0,0.0
293927,Skydictionary,Is runaway climate change inevitable?,1.0,0.0
294216,ImperatorLJ,"If climate changes continues, how will that change the seasons?",1.0,0.0
294482,[deleted],Why is CO2 removal technology not an adequate solution for climate change compared to merely reducing CO2 emissions?,1.0,0.0
294843,paul_caspian,Is there direct evidence that the storms the US is currently experiencing are conclusively caused by climate change?,1.0,0.0
294864,PapayaPokPok,"Besides climate change, what else do 97% of scientists agree on?",1.0,0.0
295708,FigWigBeagleEagle,"Based on current projections, are there any areas in the United States that will actually benefit from climate change?",1.0,0.0
296016,seniorwhopperpantss,Is the hurricane/flooding thats hitting the east coast have anything to do with climate change?,1.0,0.0
297204,elshizzo,What are the chances that the climate change feedback loops are so strong and continuous that our climate gets altered significantly enough that it becomes uninhabitable?,1.0,0.0
297967,prescod,"Is it true that due to ""volatile organic compounds"" there is less urgency around climate change than previously thought?",1.0,0.0
298137,prescod,"Is it true that due to ""volatile organic compounds"" there is less urgency around climate change than previously thought?",1.0,0.0
298789,hamsamsam,How many trees would we need to plant in order to combat global climate change?,1.0,0.0
299056,[deleted],Would climate change eventually mean colder winters or warmer winters?,1.0,0.0
299069,[deleted],Would climate change eventually mean for warmer or colder winters in the future?,1.0,0.0
299394,Hatethisherman,Does breathing out CO2 affect climate change?,0.0,0.0
299584,Conyeah,"What cities are at risk of ""sinking"" due to climate change? Is it preventable, or inevitable? If preventable, how?",1.0,0.0
299889,[deleted],How do I speak to my father about climate change?,1.0,0.0
299914,turlockmike,Is there any open source or publicly available modeling software which shows that climate change is real not just based on trends.,1.0,0.0
299916,turlockmike,Is there any open source or publicly available modeling software which shows that climate change is real not just based on trends?,1.0,0.0
300046,bountain,Can someone help me find sources to debate these climate change articles?,1.0,0.0
300126,Padawanbater,Is citing the scientific consensus on climate change an appeal to authority?,1.0,0.0
300268,steveo-,Could the local climate change in response to a large increase in hydrogen fuel cell vehicles?,1.0,0.0
300583,cattailboner,Can we get some educated opinions on the comments made by Freeman Dyson about climate change?,1.0,0.0
300597,RoamingLoser,What non-biased research-based evidence exists for human involvement in climate change?,1.0,0.0
300781,coopertrooper1,Would it be possible to introduce large amounts of contained algae in the vast areas of the oceans to help counteract CO2 emissions and slow global climate change?,1.0,0.0
300959,White_Fang_,Will the long term effects of climate change eventually lead to the colonization of Antarctica?,1.0,0.0
301416,iwantmyhalfsleeve,"If we were to enact a global one child policy (and enforce it, however that may be), would that have any impact on the global emissions that contribute to climate changes?",1.0,0.0
301480,[deleted],Why do some scientists disagree that climate change is a man-made phenomenon?,1.0,0.0
301561,[deleted],Can climate change be represented by a simple mass balance equation?,1.0,0.0
301582,Reddit-Fusion,Has anyone ever heard of the cycles argument about climate change?,1.0,0.0
302295,[deleted],I want to donate $1000 to an organisation that works on climate change - which organisation should I donate to in order for my donation to have the biggest impact and why?,1.0,0.0
302383,SmilesOnSouls,"According to climate change models I've seen, LA is supposed to sink under the ocean when the caps all melt, but a friend said his physics professor had them calculate it and said that it wasn't possible. Who's right?",1.0,0.0
303246,DefinintelyNotLying,How bad is climate change and what can we do to stop it?,1.0,0.0
303382,__Rorschach____,"Are we as humanity advanced enough, or at least close enough technologically to withstand any negative affects from climate change? Or is leaving Earth the best and only option?",1.0,0.0
303488,[deleted],What difficulties would we have to overcome in order to reverse climate change or at least lessen it's impact? I'm thinking along the lines of atmospheric processing to remove greenhouse gasses.,1.0,0.0
303570,[deleted],Is there any possibility of creating an anti-greenhouse effect through sulfur to combat climate change?,1.0,0.0
304129,[deleted],What impact would the reforestation of the Sahara have on climate change?,1.0,0.0
304182,TrapG_d,How do we know that the climate change we see today is not just part of a natural cycle?,9.0,0.0
304228,Zmorrison2112,Does the magnitude of Hurricane Patricia have something to do with climate change/global warming or is it just a bigger than usual storm?,1.0,0.0
304413,[deleted],"If you were to put palm trees in areas of extreme climate change with each season, would the leaves change color?",1.0,0.0
304461,[deleted],[Geo] When will I actually start to see the effects of climate change?,1.0,0.0
304464,dougemac,Just watched Cowspiracy and wanted to hear feedback how much of an impact animal agriculture truly has toward climate change?,1.0,0.0
304599,duhidiot,"Where is the ""missing heat"" in global climate change models?",1.0,0.0
304606,AngusCrossBarr,So what needs to change to prevent further negative climate change?,1.0,0.0
304666,TheHairyManrilla,Is the scientific community too heavily invested in the climate change hypothesis?,0.0,0.0
304682,DominusPriscus,How to protect my land against climate change?,1.0,0.0
304888,Kerfuffle17,"Are we TRULY screwed from climate change? If we are, how long are we estimated to have left until we're all wiped out?",1.0,0.0
305027,[deleted],"What is the specific causal evidence for why the period of climate change we're currently experiencing is anthropogenic, as opposed to a ""period of warming"" like the planet has experienced before?",1.0,0.0
305723,QE-Infinity,ELI5 how chaos theory and manmade climate change are not contradicting?,1.0,0.0
305733,[deleted],"A NYT article about Greenland and climate change claims that ""The full melting of Greenland’s ice sheet could increase sea levels by about 20 feet."" Is that possible?",1.0,0.0
305841,QE-Infinity,Why are chaos theory and manmade climate change not contradicting?,1.0,0.0
305902,[deleted],What is the most effective method of carbon sequestration? Will Carbon sequestration play a bigger role in combating climate change in the future?,0.0,0.0
305977,upvotersfortruth,Is food security really going to become a global issue in light of population trends and climate change (and other factors affecting supply/demand/distribution/etc.)?,1.0,0.0
306201,[deleted],What resources can I use to convince someone of climate change?,1.0,0.0
306996,[deleted],Why do you hear about how to stop or reverse climate change and not how to live with the effects?,1.0,0.0
307503,QE-Infinity,Why are chaos theory and manmade climate change not contradicting?,1.0,0.0
308203,[deleted],Why is anthropogenic climate change thought to be a threat to the future of humanity?,1.0,0.0
308328,Peter_Felterbush,What will the coming Maunder Minimum look like when paired with current estimates for climate change?,1.0,0.0
308899,[deleted],Where is all the hard data on climate change?,1.0,0.0
309005,payik,What is the current consensus on the realistic worst case scenario for climate change?,1.0,0.0
309543,Fibonacci35813,How good are the climate change models at predicting the actual observed data,1.0,0.0
309661,Fibonacci35813,How good are the climate change models at predicting the actual observed data?,1.0,0.0
309789,FlyingPiranha,What location would be the most survivable in a worst case climate change scenario?,1.0,0.0
309871,redfromhouston,"So we know that climate change is happening. How is this going to affect me, a middle class male in the U.S.? Assuming I live in a city near the coast.",1.0,0.0
309990,myaskscienceaccount2,A friend recently told me that climate change models have failed to accurately predict (and largely overpredicted) actual warming. Is there any truth to that statement?,3.0,0.0
310085,moonlandings,Can anyone give me more resources to look at for climate change data?,1.0,0.0
311569,n33mers,Is climate change on Earth reversible or just mitigable?,1.0,0.0
312159,Throwawayidontcare22,What do you make of the climate change article?,1.0,0.0
312289,billy517,Is global warming true? If so in your opinions why are people unable to accept global warming as a truth? What are some ways an average citizen can learn more/be convinced that climate change is an important issue that should be addressed especially in this upcoming election year?,1.0,0.0
312317,[deleted],Does anthropogenic climate change have a net positive or negative effect on agricultural production?,1.0,0.0
312889,CDWEBI,How would climate change influence Russia?,1.0,0.0
313041,hummingcrab,My cousin points to the Vostok Lake ice data study from 1999 as proof that climate change is baloney. Is he right?,1.0,0.0
313695,[deleted],Is the methane produced from cows really a cause for concern regarding climate change?,1.0,0.0
313737,dechoosenwun,Is methane produced by cows really a cause for concern regarding climate change?,1.0,0.0
313844,EDS-1275,Why do some people still think that climate change is not happening?,1.0,0.0
314005,BargePol,Will climate change improve British weather?,1.0,0.0
314190,[deleted],Will climbing mount Everest get easier with climate change?,1.0,0.0
314794,DCdictator,How are saline levels in the world's oceans affected by climate change?,1.0,0.0
315725,[deleted],Why can't we create artificial volcanoes and/or inject soot/sulfur into the atmosphere to combat climate change?,1.0,0.0
315976,Kuandt,Did the testing of so many nuclear weapons contribute to climate change?,1.0,0.0
316516,q31,Is the science community actively looking at ways to live with global climate change?,17.0,0.0
316574,vey323,Is climate change a natural function due to planetary precession?,1.0,0.0
316905,jumbonionga,Is it plausible that life forms are forced to move towards the equator due to climate change?,1.0,0.0
317020,[deleted],"Can you still prove that climate change is caused by humans if you assume that the earth is 6,000 years old, and ignore any evidence that contradicts that assumption?",1.0,0.0
318060,Evansa1982,With climate change happening will we ever lose fall or winter?,1.0,0.0
318309,stehekin,What could a proactive US government do about climate change?,1.0,0.0
318672,Alpy94,Are there regions that can benefit from the climate change?,1.0,0.0
319123,Austere_Fostere,How has the consensus on man made climate change shifted over time?,1.0,0.0
319146,[deleted],How is climate change making winters wetter and summers hotter?,1.0,0.0
319218,TurboBeam,"What evidence is there that climate change is just part of a ""cycle"" and humanity should just ignore it?",1.0,0.0
319482,[deleted],"What is ""The Blob"" about? And does this prove that climate change is false?",1.0,0.0
319544,[deleted],New study says climate change caused 10X increase in plankton in the ocean in last 50 years. And? Is that good… Bad… or…?,1.0,0.0
319976,ToulouseMaster,Is it still possible to stop climate change or is it just political nonsense (cop21)?,1.0,0.0
320064,Ghostwoods,"If it were down solely to consumers and their money, what would it take for us to halt climate change?",1.0,0.0
320333,stonetape,Can someone try to explain why plankton growth suggesting carbon dioxide loading is happening in the ocean despite climate change and ocean temperature increase?,1.0,0.0
320397,giantsqueed,What is the worst (but realistic) scenario for climate change?,1.0,0.0
320472,Sarkos,"If climate change proceeds unchecked, will any coastal cities be submerged?",1.0,0.0
320476,[deleted],Can I emulate climate change in an experiment?,1.0,0.0
320482,Thetallestguyaround,Why do people deny climate change? And how do you speak with people that say they have the science backing them that the earths climate has always been changing.,1.0,0.0
320527,illegalt3nder,Does the energy released by increased hurricane activity cause climate change to be less severe?,1.0,0.0
320599,[deleted],"Global warming is an issue, obviously. Could a device be constructed utilizing Thermoelectric Generators and a laser be used to remove heat energy from the Earth's oceans to help curb or reverse human-induced climate change?",1.0,0.0
320780,[deleted],How many scientists ACTUALLY believe in climate change (man made),1.0,0.0
320783,[deleted],How many scientists ACTUALLY believe in climate change (man made)?,1.0,0.0
321313,dingdong1111,How concerned should I be about climate change?,1.0,0.0
321436,prendea4,Does anyone know of a concise list of articles to send a climate change denier?,1.0,0.0
321941,goldfine,What are some beneficial aspects (if any) of current climate change?,1.0,0.0
322462,KaiserHunger,I'm wondering how to refute these climate changer denier claims?,1.0,0.0
322588,[deleted],Resources for teaching my parents' about GMOs and climate change,1.0,0.0
322592,RickHadANubianGoat,What are some resources for teaching my parents' about GMOs and climate change?,1.0,0.0
322604,abstractarrow,How do I deny human-caused climate change (for a class debate) without sounding like your typical climate change denier?,2.0,0.0
322816,doveintre,"Which country is the best to live in, given the climate change?",1.0,0.0
322852,[deleted],"Due to the effects of climate change/global warming, will the weather patterns we currently associate with El Niño become the new normal?",0.0,0.0
322946,MauledByPorcupines,"Assuming carbon emissions don't change, how much, realistically, will the climate change by the end of our lives?",1.0,0.0
323072,chchguy1,Is going vegan really an effective way to reduce environmental impacts and climate change? Is there any other better alternatives to this?,1.0,0.0
323160,justanothercanuck,I've seen a lot of info on climate change and how it will impact negatively on populated areas. But there must be some areas that will improve. What areas on earth will get more hospitable to life?,1.0,0.0
323232,[deleted],Is it possible that humans are caught in the middle of a time of climate change the Earth has undergone so many times?,1.0,0.0
323294,theyawny,"If humans had no impact on the Earth's climate, how fast would natural climate oscillation have to cycle to fit current climate change data?",1.0,0.0
323471,chcknsoupdeluxe,Is it possible that humans are caught in the middle of a time of climate change the Earth has undergone so many times?,1.0,0.0
323490,akhotsharks454,How will Mexico likely be affected by climate change?,1.0,0.0
323585,[deleted],Is climate change affecting precipitation?,1.0,0.0
323759,[deleted],Could some regions of Earth potentially benefit from global climate change?,1.0,0.0
323850,Vulcan37,Can anyone help me when it comes to climate change denial?,1.0,0.0
324024,[deleted],How much of an effect does war have on climate change?,0.0,0.0
324725,potatorunner,"Discussing climate change with a skeptic, what are the facts?",1.0,0.0
324834,staypositiveasshole,"What would the consequences be of increasing the tilt of Earth's axis? However impractical, could it be a plausible solution for the global warming aspect of climate change?",1.0,0.0
325131,twerkinwithcoffee,Explain the science the right cites to show climate change is bogus.,1.0,0.0
325310,churchofgob,How accurate have climate change models been?,1.0,0.0
325841,KaossTheFox,"Excuse my ignorance, but how much evidence is there of climate change being a legit thing? And if it is legit, is really as bad as people make it out to be?",1.0,0.0
325921,seraph1337,Roughly 98% of climate scientists believe in human-cause climate change. What other unlikely things do 2% of scientists believe?,1.0,0.0
326450,PM_ME_THE_BEST_STORY,How large of an air conditioner would we have to build to have any sort of impact on global climate change?,1.0,0.0
326467,gr00ve88,"Regarding climate change and carbon emissions, if our emissions have only exponentially increased in the last 30 years, how/why do we have record high temps dating back to the early 1900's and late 1800's when emissions were considerably lower?",1.0,0.0
326891,Daredizzle,"Do we have data on which countries are contributing to overall climate change, outside of just air pollution?",2.0,0.0
327222,danwhite89,The average temperature for November was 1 degree C higher than the average between 1951-1980. Is it possible to alter climate change and cool the world back down to normal? Are we too late now?,1.0,0.0
327873,[deleted],"Compared to between the last few ice ages, How much time did plants and animals have to adapt to the climate changes, compared to how fast our own climate is changing??",1.0,0.0
328139,ddwhitt,My brother had one idiotic meteorology professor that convinced him that climate change is a made up concept to fuel the liberal agenda and/or for monitary gain. PLEASE HELP!!!!!,1.0,0.0
328247,awkwardhipsters,"What can I actually do to deter climate change and improve the environment, besides turning off the lights?",1.0,0.0
328299,funkosopher,"What evidence is there that we are in some ""natural cycle"" of climate change?",1.0,0.0
328641,[deleted],Why are we trying to stop climate change?,1.0,0.0
328941,[deleted],How much does bombing and current wars affect the climate change that's occurring?,1.0,0.0
329126,soalone34,What do you think of this climate change denial video?,1.0,0.0
329638,dv_,Are there visible effects right now (besides flooded islands) that can be reasonably attributed to climate change?,1.0,0.0
329711,JayConz,"I live in DC, and it's going to be around 70 on Christmas Eve. Is this just a freak year, or is it definitively due to climate change?",1.0,0.0
329760,[deleted],"Whats up with this climate change? its mid 60's in the winter, kinda weird.",1.0,0.0
329802,wwoodrum,Can space junk affect climate change?,1.0,0.0
329827,lintthattimeforgot,"What's the actual evidence for (or against, if there is any) climate change?",1.0,0.0
329873,AuganM,Are there any positives to climate change?,1.0,0.0
330257,[deleted],Are the unusually high December temperatures in the USA this year due to climate change or natural weather patterns?,1.0,0.0
330306,wirecats,"Why is winter, particularly in the Northeastern USA, so warm this year? Is this a sign of climate change/global warming and will winter always be at least as warm from now on?",4.0,0.0
330344,[deleted],"Is the recent outburst of deadly tornadoes a result of climate change? If so, can we expect to continue to see more and more deadly weather as spring comes around, when tornadoes are supposed to be more prevalent?",1.0,0.0
330752,piezodiver,What are the exact papers which point to evidence of anthropomorphic climate change?,1.0,0.0
330898,[deleted],"Is the recent outbreak of deadly tornadoes a result of climate change? If so, can we expect to see a higher volume of them this spring when tornadoes are more prevalent?",1.0,0.0
330948,wwoodrum,Does space junk/debris + satellites contribute to climate change?,1.0,0.0
331203,[deleted],"With more and more strange extreme weather events due to climate change, what can we expect to see a few more years down the road?",1.0,0.0
331227,CantSeeShit,"(Earth Sciences) With the extreme weather events happening in 2015 due to climate change, what can we expect to see happen in the next 5-10 years?",1.0,0.0
331348,TakesAnswerOffTheAir,"I was told that the ""consensus"" on global warming/climate change is only ~50% if you only include ""true climate scientists"" that work for NGOs. Is there any truth to this?",1.0,0.0
332025,[deleted],"[Serious] What is the best location for property investment when considering climate change, rising sea levels, and our shifting economy?",1.0,0.0
332029,PM_YOUR_ARTWORK,"What is the best location for property investment when considering climate change, rising sea levels, and our shifting economy?",1.0,0.0
333153,DramShopLaw,"What effects does the anthropogenic emission of water vapor from burning fossil fuels have on climate change, the water cycle, or local weather?",1.0,0.0
335080,The_Tightest_Anus,Is it too late to stop climate change?,1.0,0.0
335148,GallantChicken,How can you convince a climate change skeptic that anthropogenic climate change is real?,1.0,0.0
335343,[deleted],Seemingly well put-together video from PragerU contending that manmade CO2 increases have not contributed to climate change. Is the science sound or intentionally misguiding/false?,1.0,0.0
335667,hakunamawhata,"If nitrous oxide is a far stronger greenhouse gas (300 times the warming potential of carbon dioxide, by some estimates), why is climate change mitigation so focused on carbon dioxide? Why aren't we just as worried or more worried about nitrous oxide?",1.0,0.0
335836,[deleted],Is Canada set for another Ice Age if climate change is halted?,1.0,0.0
336021,Ultrasoundhd,Will climate change affect the traditional ripening of cheese like the Roquefort (i.e. in caves)?,1.0,0.0
336914,pleasure2kill,Why not combat climate change through artificial leaves?,1.0,0.0
337011,DevourTheWhale,Is climate change necessarily a bad thing?,1.0,0.0
338763,STEMma-watson,What is the most dire serious scientific prediction for climate change?,1.0,0.0
339436,lithobolos,Have climate change models become more accurate in the past decade?,1.0,0.0
340372,bryophyteclub,How can coral reefs be threatened by climate change when they have endured it before?,41.0,0.0
341241,[deleted],How do we know that human beings are the cause of climate change?,1.0,0.0
341298,poeinthegutter,What is the current state of us science-ing our way out of climate change? Are there promising emerging technologies to do something like filtering the excess greenhouse gasses out of the atmosphere?,1.0,0.0
341321,TheSanityInspector,"If AGW is rendering carbon dating unreliable, how do we know that natural climate change in the distant past didn't also affect carbon dating's reliability?",1.0,0.0
341805,[deleted],How do we know that human beings are the cause of climate change?,1.0,0.0
342250,[deleted],Is the 97% consensus on climate change actually real?,1.0,0.0
342935,Hang_on_a_mo,"How do you compare global warming today with climate changes that, for example, caused vast lakes to dry into salt pans thousands of years ago?",1.0,0.0
343642,[deleted],What are some theories that climate change is natural?,1.0,0.0
344416,EdominoH,Which accepted scientific theories have lower agreement than climate change?,1.0,0.0
345088,[deleted],"Is there reputable, peer-reviewed research/literature/evidence in support of a *non* anthropogenic explanation for recent climate change?",1.0,0.0
345328,chicagothrowaway482,Do farts (methane) from the entire human race have any measurable effect on climate change?,1.0,0.0
345362,iorgfeflkd,Is anthropogenic climate change predicted to modify seasonal lag?,195.0,0.0
345746,[deleted],Will the tree line move farther north due to climate change?,1.0,0.0
345797,odplocki,"What would be the California methane leak, impact on climate change?",1.0,0.0
345939,Larakine,"Is there a viable explanation for recent, short term climate change (over the past two centuries) besides the accepted anthropogenic theory? If so, what evidence is there to support it?",1.0,0.0
346485,[deleted],"What are the current estimates for the probabilities of various consequences [sea level rise, drought, flooding, deaths, etc.] of climate change occurring?",1.0,0.0
346496,converthis,"A lot of research is being done on climate change, a lot of goverment officials talk about it... but is there any NGOs or government groups that actually fight climate change on a daily basis?",1.0,0.0
347553,MakeMusicGreatAgain,What is the most effective thing a layperson can do to directly mitigate the effects of climate change?,1.0,0.0
349541,[deleted],"What route through university should someone take, starting out today, to help the climate change problem. Do we need more scientists or perhaps other avenues like a right minded politician?",1.0,0.0
349547,Viridien,"What route through university should someone take, starting out today, to best help the climate change problem?",1.0,0.0
350022,[deleted],How is the conversion of energy to heat not responsible for climate change?,1.0,0.0
350306,[deleted],"I consider myself an environmentalist, and I think whether or not climate change is caused by humans is irrelevant. We need to stop polluting our planet. What I want to understand though is how the scientific community has determined it's caused by humans.",1.0,0.0
350314,[deleted],How has the scientific community determined that climate change is caused by humans? How do you prove causality?,1.0,0.0
350434,college_kid14,"If climate change is really happening, theoretically how much more time do we have on planet earth before it becomes no longer habitable?",1.0,0.0
351589,[deleted],"I, and probably most liberals, accept man-made climate change as the truth because the overwhelming majority of scientists say so. I couldn't, however, use evidence to support this belief. Is there a book that proves climate change is real in layman's terms?",1.0,0.0
352771,leDesespoir,Why are we so sure that the current iteration of climate change is caused by humanity?,1.0,0.0
353360,TurboBeam,What your favorite books on the topic of climate change?,1.0,0.0
353361,ENkats,Are their any legitimate discrepancies in climate change research that are worth discussing?,1.0,0.0
353716,amphidromik,"Dear professors, what do we know about the impact of climate change on phytoplankton ? Many thanks!",1.0,0.0
353720,Mydaschundisafarter,"What would be the best place to live in the US in the next 30 years to avoid climate change disasters like sea level rise, drought, hurricanes, etc.?",1.0,0.0
353790,meesoweetodeddd,Is there a growing fear in the climate science community of extreme accelerated climate change?,1.0,0.0
353977,Lamont-Cranston,How to respond to the suggestion that climate change isn't raising ocean temperatures but nuclear power might be?,3.0,0.0
354075,ivandam,"Reddit, how do you convice someone that the climate change is real, and likely caused by the human activity?",1.0,0.0
354076,ivandam,"How can I convince someone that the climate change is real, and likely caused by the human activity?",1.0,0.0
354269,FMoradipour,Which contributes more to climate change - fossil fuels or animal products?,1.0,0.0
356261,rejcts,Is global warming/climate change really a problem?,1.0,0.0
356569,[deleted],"Why does climate change necessarily cause higher intensity weather events? (Storms, high AND low temps, etc)",1.0,0.0
356634,bhuddapissed,With regard to climate change: Why is the methane contribution of agriculture seldom talked discussed?,1.0,0.0
356792,wolfgangamadeusme,What is the most irrefutable evidence for climate change?,1.0,0.0
356857,spacepilot4000,Could we genetically modify plants to turbocharge photosynthesis and capture more CO2 efficiently as a means to avert climate change?,1.0,0.0
357297,enferex,"I am highly fearful of climate change. What, if any, positive consequences can arise from this situation?",1.0,0.0
357679,Footsteps_10,What should I do as an average consumer of carbon to actually help climate change?,1.0,0.0
357684,Senray,"Over the past few weeks, the weather in my area (Michigan) has repeatedly oscillated from relatively warm(spring-like) to cold, often with large amounts of snow(winter-like). How unusual is this, and is it related to climate change?",1.0,0.0
357742,thelepo,Would painting roofs white significantly assist combating climate change?,1.0,0.0
357819,UseTheZooz,"Due to global warming and climate change, how screwed are we really? When and where can we expect to experience serious repercussions?",1.0,0.0
357896,sciencequestionnmbon,What would the impact of everybody in the world having a car have on climate change?,1.0,0.0
358121,UseTheZooz,"Due to climate change and global warming, how screwed are we really? When and where can we first expect to experience serious repercussions?",1.0,0.0
358136,doctorkurt,"We've obviously all seen which species are threatened due to anthropogenic climate change, but is there any flora or fauna that stands to thrive in the changing climate?",3.0,0.0
358174,TEFL22,Is the Science Valid for researchers who deny climate change?,1.0,0.0
358288,[deleted],"Could the the boom in the human population over the last 50 years, and more specifically their carbon dioxide emissions, be a substantial factor in climate change and the increase in greenhouse gases?",1.0,0.0
359240,dusttheking,"If we don't address climate change, what will happen step by step until we do?",1.0,0.0
359617,a_wandering_vagrant,Suppose I have a typical lifestyle in an urban or suburban setting in a highly developed country. What aspects of my lifestyle are most significant as contributions to climate change?,1.0,0.0
360732,YourPureSexcellence,Is it okay to say that climate change is raising the heat capacity of our atmosphere or is the term heat capacity restricted to pure substances?,1.0,0.0
360764,KNickKNotty,What evidence do you give someone who rejects the significance of the human impact on climate change?,1.0,0.0
360844,[deleted],What are some things the average person can do in regards to climate change?,1.0,0.0
360987,sandpitturtle,What are some things the average person can do in regards to climate change?,1.0,0.0
361264,caverave,Bill Gates talked a lot in his ama about the need for innovative technology in energy in order for to avoid climate change catastrophe. Don't we actually have most of the technological know how to produce abundant carbon emission free energy by way of geothermal and safe nuclear like thorium.,1.0,0.0
361270,caverave,Bill Gates talked a lot in his ama about the need for innovative technology in energy in order for to avoid climate change catastrophe. Don't we actually have most of the technological know how to produce abundant carbon emission free energy by way of geothermal and safe nuclear like thorium?,1.0,0.0
361828,AMexicanAbroad,Would the current planetary climate change still occur even without humans existing?,1.0,0.0
361888,sorenlarrington,Is climate change related to heat capacity of combustion product gases relative to the starting gases?,10.0,0.0
362200,AMexicanAbroad,Does taking our planets natural resources from below the ground accelerate climate change?,1.0,0.0
362966,[deleted],"Do the laws of thermodynamics ""disprove"" a popular climate change theory? Got into a discussion and don't know enough to refute him.",1.0,0.0
363002,thegreatestajax,What is the contribution of human metabolism to climate change? i.e. By how much has the body warmth of billions of people raised the global temperature?,1.0,0.0
363068,The_Eyesight,"Is there any validity to ""counter evidence"" to climate change?",1.0,0.0
363114,[deleted],"Besides humans, what other species have caused climate change since the beginning of life?",1.0,0.0
363873,soggybiscuit93,Could rising sea levels due to climate change be mitigated by irrigating and creating a very large lake in the middle of the Sahara?,1.0,0.0
364087,[deleted],How many people would die from climate change related causes from the exhaust of a average car in the average year.,1.0,0.0
364091,[deleted],How many people would die from climate change related causes from the exhaust of a average car in the average year?,1.0,0.0
365040,Coolhandfluke88,Can you help me with some doubts about the seriousness of climate change?,1.0,0.0
365131,Receuvium,What would be the effects of a regional nuclear war in the midst of climate change?,1.0,0.0
366204,[deleted],What is the best evidence supporting or refuting mankind's contributions to global climate change?,1.0,0.0
366497,theDeletedTruth,Is the total thermal output of human society included in any climate change models?,1.0,0.0
366594,[deleted],Best route/field to get into climate change reversal?,1.0,0.0
366622,IntergalacticMole,Are there any animals that benefit from climate change?,1.0,0.0
366661,[deleted],"Environmental scientists, is it frustrating for you to see the general public not readily act of climate change and what could you say to get them to act?",1.0,0.0
366707,huzeyodaddy,"With impending climate change and it's consequences like rising sea-levels, killer storms, droughts and everything else; where is the safest place on earth to live during what could be massive climate shift?",1.0,0.0
366715,[deleted],Are there any ideas on possible ways for us to use machines and technology to repair the effects of climate change ?,1.0,0.0
366739,Witherfang16,Where are the best places to survive global climate change?,1.0,0.0
366820,[deleted],"Water has a very high specific heat and heat capacity, if it weren't for our polar ice caps, how much higher would our global temperatures be in the context of climate change?",1.0,0.0
367385,GP_3,"If we could theoretically push the the earth out of his current orbit by a certain distance, could we stop global warming or climate change? If we could, what would that distance be?",1.0,0.0
367859,eiquuaK5,Why do scientists disagree on climate change?,1.0,0.0
368063,zzAlan,I would like to become more informed on the topic of climate change. Where do I start?,1.0,0.0
368142,[deleted],Why do we see Nasa and their Scientists constantly warn us about climate change when in fact they are actualy a major contributor of it?,1.0,0.0
368336,[deleted],How does the Earth's tilt naturally affect climate change?,1.0,0.0
368380,[deleted],Will there be a catastrophe in the near future due to climate change?,1.0,0.0
368534,Casadi11a,What am I missing from this study regarding overestimates in climate change?,1.0,0.0
368577,AverageAtEverything1,"Realistically, do you believe we can avoid catastrophic climate change or are we pretty much screwed?",1.0,0.0
368592,bkpriest,What significant changes to the earth do scientists expect to occur based on their predictions about climate change in the next 100 years?,1.0,0.0
368742,AverageAtEverything1,"Realistically, do you believe that with future policy changes and technological innovations (I.E. renewables and other ""green"" tech) we will avoid or adapt to catastrophic climate change with relatively few disasters; or do you think we are all just about screwed?",1.0,0.0
369291,jmdugan,"Is there any way ""nuclear winter"" or other, intentional geoengineering cooling phenomena could point to potential short-term solutions of devastating climate change (warming)?",1.0,0.0
369697,randomunsourcedfacts,Are climate change and global warming interchangeable terms?,1.0,0.0
369966,Gurt_,Is it possible for humanity to fix climate change without everybody becoming vegetarians?,1.0,0.0
369994,LennyTheMemeMaster,"Will climate change kill the crops in the future? If so, by when?",1.0,0.0
370630,[deleted],What is Southeast Asia doing to combat climate change and is it showing any progress?,1.0,0.0
370638,65uiu65,What evidence is there against the need to fight climate change?,1.0,0.0
370691,[deleted],What types of life will benefit from climate change?,1.0,0.0
370819,spud641,How can I best debate some of my climate change denying father's arguments?,1.0,0.0
370953,[deleted],How is CO2 the leading cause of climate change while comprising less than 1% of the atmosphere?,37.0,0.0
371600,conorgameplay4,What's the most depressing part of climate change?,1.0,0.0
371767,StopWithTheFlow,Why do I hear so much about the problem of climate change and global warming but never hear about anything we are doing to slow/stop it?,1.0,0.0
371780,wew-lad_,What evidence do we have for and against climate change being man-made?,1.0,0.0
371928,screens89,What changes could the average human being impart on their daily life to (if possible) reverse/break even with/considerably slow the current progression of climate change?,1.0,0.0
372559,blueberry_crepe,What are some tangible consequences of climate change?,0.0,0.0
372585,sujayjaju,Proof of climate change being a serious threat?,1.0,0.0
372756,[deleted],Can humans adapt to the dramatic climate change we are having?,1.0,0.0
373500,davecarldood,Why are theories on climate change always so extreme?,1.0,0.0
374536,Olclops,Would the recently reported shift in the earth's pole's direction of motion (due to water redistribution from climate change) be detectable by the average observatory?,1.0,0.0
374734,Dragonstache,Can we fix climate change?,1.0,0.0
374974,ThisAndBackToLurking,"If carbon sequestration helps slow climate change, does that mean that timber farming or dumping waste paper in landfills are actually good for the environment?",1.0,0.0
375076,Ajreil,"Due to thermal expansion, has the size of the earth increased significantly as a result of climate change?",1.0,0.0
375276,RobIsRight,"Is the Global climate change a ""global warming"" or ""climate change""?",1.0,0.0
375760,CaptainCrater,"At this rate, could humans go extinct due to lack of oxygen before the effects of climate change kill us?",1.0,0.0
375921,Velicopher,What is a likely timetable for climate change?,1.0,0.0
375943,fruitheart,"Where are the systematic reviews and meta-analyses (or more likely, systematic reviews or systematic reviews) synthesizing the evidence for and against climate change?",1.0,0.0
376205,splad,"If climate change keeps happening at its current rate, what currently crummy places to live might start being really nice in 30-60 years?",1.0,0.0
376560,jeffmlife,"If 97% of Climate Scientist agree that humans are causing current climate change, then please explain to me what this Patrick Moore is talking about.",1.0,0.0
376567,jeffmlife,Why does Patrick Moore disagree with human-caused climate change?,1.0,0.0
376781,AmGeophysicalU-AMA,"AGU AMA: I’m Dr. Kim Cobb, and I’m here to talk about the science of climate change, El Niño, and the reconstruction of past climate. And I’m Dr. Anne Jefferson, and I’m here to talk about how water moves through landscapes and how land use and climate change alter hydrology. Ask Us Anything!",2862.0,0.0
377364,[deleted],Is there a correlation between climate change and movement of the tectonic plates??,1.0,0.0
377560,dogsenigmatic,What is the prevailing argument on climate change among the ~3 percent of climate experts who deny human caused climate change?,1.0,0.0
377595,floatingant,Is the recent record rainfall and subsequent flooding of Texas a prediction of climate change models?,1.0,0.0
377848,I_fuckedaboynamedSue,What is the difference between the cyclical climate change during the Pleistocene era and the climate change we see today?,1.0,0.0
378132,Boondala,Is there a correlation between climate change and movement of the tectonic plates??,17.0,0.0
378324,[deleted],Is anthropogenic climate change real?,1.0,0.0
378626,Lukelemons,No BS climate change,1.0,0.0
378762,Lukelemons,Can I get a no bs explanation on climate change?,1.0,0.0
378898,[deleted],Genuine question on climate change sceptic science.,1.0,0.0
378900,desertfrogbattlecry,What is the basis for climate change sceptic science?,1.0,0.0
378975,Timatora,What country(s) have the most climate change deniers?,1.0,0.0
379796,LoneWords,97% of scientist believe in human propelled climate change How many scientists consider it a legitimate threat?,1.0,0.0
380222,[deleted],How do the recent revelations of falsified emissions from motor vehicle companies effect current climate change models?,1.0,0.0
380446,P1ckledpie,How doomed is the earth due to climate change and what chance does life have of surviving on earth in the future? What are the chances that humanity is able to colonize in time and what is the guarantee that humanity will not continue to be self destructive? [serious],1.0,0.0
380447,P1ckledpie,How doomed is the earth due to climate change and what chance does life have of surviving on earth in the future? What are the chances that humanity is able to colonize in time and what is the guarantee that humanity will not continue to be self destructive?,1.0,0.0
380941,WellThisIsJustDandy,"How effective is fossil fuel divestment in mitigating climate change, if at all?",1.0,0.0
381129,ShameSpirit,Is there a reasonable argument against climate change being caused by humans?,1.0,0.0
381890,[deleted],Why is climate change somethings that you can just choose not to believe in?,1.0,0.0
382779,hv1785,"In discussions of climate change, is the energy content of biofuels neglected? If so, why?",1.0,0.0
383060,[deleted],"What role, if any, does ecosystem disruption such as from habitat loss, invasive species or pollution play in climate change?",1.0,0.0
383142,[deleted],"Due to accelerating climate change and rapid development on what is often a flimsy limestone foundation, the state of Florida seems headed for complete disaster in the near future. If you had unlimited authority, using the resources available, how would you save this US State?",1.0,0.0
383571,Verrique,How do we get ourselves to truly care about the prospects of climate change?,1.0,0.0
383784,Question_Help_Please,What are the effects of climate change on wind speed and turbulence for planes (general plane travel)?,1.0,0.0
383805,LooksForCats,"Of the known global environmental issues caused by global warming (sea level rise, climate change, sea temperature change, etc) what is the most immediate threat to the most humans?",1.0,0.0
384144,[deleted],"Globally, are there more serious forest fires today than twenty or thirty years ago, and is it related to climate change?",1.0,0.0
384507,[deleted],"Why do so many mostly right-wing populist parties across many countries deny (man-made) climate change, despite what science says?",1.0,0.0
384964,Awwshitmananotherone,What is Chile's involvement with global climate change?,1.0,0.0
385038,SuperMcG,Could climate change stop the ocean's ability to produce the majority of the oxygen we breathe?,2.0,0.0
385157,waygook1284,Today I read that coral is dying off faster than expected due to human induced climate change and the acidification of the oceans... How did coral grow 30 million or 300 million years ago when the ocean was more acidic than it is now?,37.0,0.0
385440,AMexicanAbroad,"1800s vs today. Amount of forests, livestock, humans, cars, factories, ships, planes, extracted natural resources, etc. Could man made climate change be approached like this?",1.0,0.0
385589,pvtv3ga,What is climate change and what is causing it?,1.0,0.0
385665,[deleted],"So, five of the Solomon Islands have been fully submerged recently due to climate change, with six more severely eroded. In how many years do you suggest the entire nation will go under?",1.0,0.0
386088,eddielacie,What would be possible net positives for global climate change and polar ice caps melting?,1.0,0.0
386540,[deleted],"I hope I don't sound stupid asking this; I understand climate change is occuring, but is it predominantly due to our carbon emissions or is it a natural phenomena?",1.0,0.0
387413,ZetaCompact,What are some new technologies that would be created if we don't stop climate change,1.0,0.0
387423,ZetaCompact,What are likely technologies to be created if we don't do anything to prevent climate change?,1.0,0.0
387613,superkamiokande,Are there any organisms that might benefit from climate change?,1.0,0.0
388147,EyeSpy74,"If we could block 100% of sunlight from reaching earth, how long would we have to block the sun out to prevent the worst effects of climate change?",1.0,0.0
388987,[deleted],What are some predicted short-term outcomes of global climate change?,1.0,0.0
390260,censerless,"Given that the earth is spinning, and water is a liquid, will sea level rise (due to climate change) be greater at the equator?",4.0,0.0
390387,tjrou09,How can I explain climate change ?,1.0,0.0
390498,TP43,What would a solution to climate change look like?,1.0,0.0
390583,Commando_Joe,Can humans influence climate change in wake of recent natural disasters?,1.0,0.0
391799,Adamj1,When did climate change enter the public discourse?,2.0,0.0
392367,Alchoholocaustic,"How has the scientific community reached a near-consensus on the cause of climate change that marks the beginning of the Paleogene period 66 million years ago, but still widely debates causes of climate change that marks the Younger Dryas period which began 12,900 years ago?",0.0,0.0
393194,penisheart,If cephalopods are booming as a result of climate change does that mean I should eat them rather than fish?,1.0,0.0
393226,tmagic49,Question about climate change.,1.0,0.0
393229,tmagic49,Why should I be concerned about climate change?,1.0,0.0
393248,Kitanax,Is there anything that can be done about climate change anymore?,1.0,0.0
393755,gtobiast13,"If humanity can't do enough to alter climate change, where will be the safest and most stable places in the world to live?",1.0,0.0
394572,ImJustSpeakingMyMind,"What arguments can be made when someone claims that climate change isn't an important, if not the most important, issue facing the the world and United States?",1.0,0.0
394611,[deleted],"Leading world scientists come together and present this ultimatum: The world has 50 years left (of resources, or until climate change becomes deadly on a massive scale). Would countries band together? What science/tech advancements would occur? Focus on saving Earth or LEAVING Earth?",1.0,0.0
394693,JetlagMSY,Have we discovered any benefits as a result of climate change?,1.0,0.0
394752,[deleted],What is the effect of solar activity on climate change?,1.0,0.0
394797,[deleted],"[psychology] What goes on in the minds of people who hold beliefs, despite being shown overwhelming scientific evidence that they're wrong, yet still continue to believe? For example, climate change deniers or 'autism is caused by vaccines' believers",1.0,0.0
395187,broke-and-creative,Surveying college students- climate change What do you already know and what do you want to learn more about?,1.0,0.0
395342,Mousetash,How does Earth's Orbit influence our current understanding of climate change and how we create climate models?,1.0,0.0
395460,[deleted],Is climate change more chemistry or physics?,1.0,0.0
396329,henman,How would I myself prove that climate change is happening?,1.0,0.0
396395,Doktor_Diesel,What can the average person do to combat climate change?,1.0,0.0
396424,[deleted],Are there any positive affects of climate change?,1.0,0.0
396843,blueend,How sound is the skeptic position in the scientific community about climate change?,1.0,0.0
396866,UnregistedUsername,What are some arguments for people that deny global warming or climate change,1.0,0.0
396875,UnregistedUsername,What are some arguments or information to share for people that deny global warming or climate change?,1.0,0.0
396896,UnregistedUsername,What are some arguments or information to share for people that deny global warming or climate change?,1.0,0.0
397332,CameHereForTheFap,I keep hearing that climate change is inevitable and we are too late to fix it. Where can I find the numbers that show this to be true?,1.0,0.0
398378,[deleted],How does climate change affect plants?,1.0,0.0
398491,MuphynManOG,"Can plowing roadways in the winter lead to enough solar energy absorbed by black asphalt, rather than reflected by white snow, to have a noticeable effect on climate change?",1.0,0.0
400328,anonthrow256,How long do we have before climate change is irreversible or until we suffer catastrophic effects?,1.0,0.0
400682,Lucifuture,Considering the worst case scenario long term outcome of climate change what would be some of the more pertinent obstacles to consider in a survival plan?,1.0,0.0
401032,[deleted],"Some climate change deniers use this graph to ""prove"" that climate change is natural and not man-made. What's wrong with it?",1.0,0.0
401053,[deleted],"If climate change melts all of the world's ice, would that free up more land for grasslands, forests, etc.?",1.0,0.0
401092,h-st-ry-19-17,Been thinking about climate change recently. How fucked are we at this point?,1.0,0.0
402085,TheOldEskimo,What does science tell us about climate change? Paper or book recommendations would be wonderful,1.0,0.0
402171,retrac101,How can we individually help decrease dangerous climate change?,1.0,0.0
402175,[deleted],Are there any feasible ideas to regulate the solar energy hitting the Earth to mitigate climate change?,1.0,0.0
402857,Coolfuckingname,How does climate change affect violence... and why is there seemingly more violence in hotter locations?,3.0,0.0
402911,DJSpook,"Why is there denial towards climate change, and how can I promote the truth about it?",1.0,0.0
402981,hobyo,"In terms of climate change, just how fucked are we?",1.0,0.0
403012,certified_shitlord,"So I hear the 97% of climate scientists believe in climate change, is that figure true? If not what is?",1.0,0.0
403359,READERmii,If Yellowstone stone erupted and climate change took a turn for the worse Where would the safest place to live be?,1.0,0.0
404164,Hispanicwhitekid,"Evironmental Scientists, is near term human extinction due to climate change a prevalent idea within your field?",2.0,0.0
404555,I_love_swiss_cheese,Could ice breaking ships be contributing to climate change?,1.0,0.0
404791,TheBlacktom,"Is there a correlation or causation between evolution deniers, climate change deniers, human space travel deniers and other conspiracy theorists?",1.0,0.0
404885,counsel8,Have we mapped the changing ranges for trees during climate change? (xpost from r/marijuanaenthusiasts),1.0,0.0
404892,counsel8,Has a map been made of the changing ranges of trees during/after climate change?,4.0,0.0
405594,c00kiesn0w,What percentage of climatologists believe in man made climate change?,1.0,0.0
407623,[deleted],"It's obvious that humans have had a hand in climate change; as we grow less dependent on fossil fuel, and switch to greener alternatives, will the climate slowly revert back to its more habitable pre-industrial origin?",1.0,0.0
407943,[deleted],"Some scientific values are tied to sea level (atmospheric pressure, elevation, etc). Will those have to be modified because of climate change and rising sea levels?",1.0,0.0
408007,deardevil1992,Can Jet Stream behaviour be used as an indicator for climate change?,16.0,0.0
408750,lowercase_thoughts,how likely is it that humans will go extinct because of climate change?,1.0,0.0
409279,fuzzyshorts,Is the Asperatus cloud a by-product of climate change?,3.0,0.0
409645,BobbyCock,"Is human life really at stake with climate change, or are the consequences just mildly inconvenient (changing weather patterns, rising water levels, etc)",1.0,0.0
409650,BobbyCock,"Is human life really at stake with climate change, or are the consequences just mildly inconvenient (changing weather patterns, rising water levels, etc)?",2.0,0.0
409947,archie_f,"If climate change causes so much frozen freshwater to melt that it raises the level of the oceans, would this cause a decline in the salinity level of the oceans?",1.0,0.0
410313,READERmii,What natural disasters can we expect due to climate change in the next century?,1.0,0.0
410633,marypoppycock,"At this point, what does the world need to do to reverse climate change?",1.0,0.0
411068,[deleted],"Are there any technically feasible, cost effective ways to undo climate change?",1.0,0.0
411427,Edgenuity,Will the free market decide how climate change is dealt with?,1.0,0.0
411616,dri3s,"Are there any feasible, cost effective geo-engineering technologies available to undo or slow down climate change?",1.0,0.0
412129,[deleted],How do climate change models take into account huge economic changes like gluts and brexit?,1.0,0.0
412668,the_grand_chawhee,Will there be anywhere on earth that will benefit from climate change?,1.0,0.0
412800,tokvila,"How do we deduce that humans are, in fact, responsible for climate change? Counter-Argument inside.",1.0,0.0
412956,forrestrealls,Thinking about climate change makes me nauseous. Is it going to be as bad as my stomach thinks it is?,1.0,0.0
412978,jsteve5850,The Age of Aquarius and climate change,1.0,0.0
412985,jsteve5850,The Age of Aquarius connected to climate change?,1.0,0.0
413301,reptar-rawr,Do invasive species significantly contribute to climate change?,1.0,0.0
413584,Everbane,Does climate change affect plate tectonics?,4.0,0.0
413610,CatAct,Can money stop climate change?,1.0,0.0
413633,yolosweg09080,What are things being done by scientists and governments to help reverse and prevent climate change?,1.0,0.0
413775,Munqaxus,"How theoretical of a chance could mankind go extinct from man made climate change, especially considering the damage we are doing to the oceans?",1.0,0.0
414452,Liberal_Shark,Can climate change/its effects be reversed or stopped or are we screwed?,1.0,0.0
414563,dufflepud,What is the relationship (if any) between anthropogenic climate change and periods of glaciation? Would a warmer earth delay the next ice age?,4.0,0.0
414790,[deleted],Is there any realistic solution to climate change?,1.0,0.0
415022,Danert1,Is climate change irreversible now? Are we screwed?,1.0,0.0
415039,_WrestlingMachine_,what is being done to fight climate change?,1.0,0.0
415055,[deleted],"Regarding climate change, would it be worse for there to be a larger amount of wildfires every year, or simply larger wildfires every year.",1.0,0.0
415059,Mr0z23,"Regarding climate change, would it be worse for there to be a larger amount of wildfires every year, or simply larger wildfires every year?",1.0,0.0
415076,my_shiny_meta_ass,Who are going to benefit the most from increasing climate change?,1.0,0.0
415085,[deleted],"[Planetary Sciences] If we reach a point where we can no longer prevent climate change (of over 2 degrees C), what technology/methods do we have that can mitigate climate change?",1.0,0.0
415088,[deleted],"If we reach a point where we can no longer prevent climate change of over 2 degrees C, do we have any technology/methods capable of mitigating climate change?",1.0,0.0
415094,artavia,Why there is so many conflict information on climate change ?,1.0,0.0
415237,Raeker,What is the most damning/convincing evidence that humans are affecting climate change?,1.0,0.0
415284,Australianwizard,Will climate change kill me before I turn 40?,1.0,0.0
415298,dontrumpreee,[Serious] Is there much science AGAINST the idea of man's contribution to climate change?,1.0,0.0
415307,dontrumpreee,Is there much science AGAINST the idea of man's contribution to climate change?,1.0,0.0
415313,RavenXArisa,What are some promising reserch that people should look into that help fight climate change?,1.0,0.0
415351,whiteandcrispy,What is the timetable for the average human to be physically put in danger of death by climate change?,1.0,0.0
415359,Buttsandbuttholes,"is there anything the us could do to actually stop climate change, if the rest of the world doesn't get on board?",1.0,0.0
415776,[deleted],How would Europe's climate change if the Gulf Stream stopped?,1.0,0.0
415887,C3Sabertooth,Just how bad is global warming/climate change?,1.0,0.0
416143,66_Chevelle_SS,Why aren't atmosphere scrubbers or other methods of tera-forming the solution for global climate change?,1.0,0.0
416315,TagProNoah,How accurate is this article that states that humans will be extinct in 100 years due to climate change?,1.0,0.0
416445,bah-lock-ay,What are going to be some pros/benefits from climate change?,1.0,0.0
417220,stuffed02,Is there any evidence that the Earth's orbital decay is resulting in climate change?,0.0,0.0
417378,GhandiHadAGrapeHead,"[Marine biology] Since a massive proportion of our oxygen comes from algae on our oceans, are we at risk of losing any of this dud to climate change?",1.0,0.0
417430,iCeeYouCee,What would happen if the Sun stopped producing light for 12 hours? Would that solve human-caused climate change?,1.0,0.0
417581,[deleted],"I know that climate change is a thing, but I've been ignorantly doing nothing about it. What can I do as an individual consumer to help?",1.0,0.0
417787,Martian_Luther_King,What animals (marine and land) are 'winning' thanks to climate change and development?,1.0,0.0
417798,orgzmtron,Could geomagnetic reversal (flip) cause climate change?,1.0,0.0
418270,[deleted],In what ways could humans feasibly evolve to better cope with future environmental and climate changes?,1.0,0.0
418360,xsp4rrow,"What is the largest scientific consensus regarding climate change, global warming, and the immediate threat it poses to living organisms?",1.0,0.0
418426,[deleted],"In the short-term and the long-term, how will the wealthy be negatively impacted by the effects of climate change?",1.0,0.0
418451,Lantonino,"With no changes to current emissions, when will we hit 2 degrees Celsius of warming from climate change?",1.0,0.0
418454,Sojio,"Can we, at this point, realistically prevent climate change?",1.0,0.0
418506,bionichamsterdisco,Can a man made mountain affect climate change?,1.0,0.0
419030,[deleted],"Honest conversation about climate change, what is known?",1.0,0.0
419085,[deleted],Just how bad is climate change?,1.0,0.0
419166,[deleted],Could climate change cause earthquakes?,1.0,0.0
419208,C3Sabertooth,Just how bad is climate change?,1.0,0.0
419211,XFunnyPapersX,not enough data for climate change?,1.0,0.0
419685,davecarldood,Couldn't planting trees turn out to be counterproductive when it comes to combating climate change?,1.0,0.0
419846,[deleted],What are some ways to mitigate the effects of climate change?,1.0,0.0
419852,[deleted],Can global warming and climate change simply be explained by Earths natural cycle of warm temperatures and ice ages?,1.0,0.0
419861,frosty147,Are there any environmental/ecological benefits to climate change?,1.0,0.0
419864,[deleted],How do forest fires factor into climate change?,1.0,0.0
419979,slightofhand1,What is the evolutionary advantage of temperature deciding the sex of an animal ie alligator eggs? Wouldn't the slightest climate change kill of your species by making it unisex?,1.0,0.0
421310,MrFrosty94,"When will climate change combined with food, energy, and water shortages begin to irrevocably damage or deconstruct the state of industrialiazed societies across the globe?",1.0,0.0
421880,tmxlqms,Are there any positive effects of climate change or rising atmospheric CO2?,1.0,0.0
422265,NickCajun,"To combat climate change, is it at all feasible to convert methane and other greenhouse gases to another, less harmful state?",1.0,0.0
422446,scotty2hotty2568,"Regarding climate change, how screwed is the planet and our species?",1.0,0.0
422936,HugItChuckItFootball,What are the major contributing factors to man-made climate change?,1.0,0.0
422964,nooblord1,"Who is to blame the most for climate change, and in the US why don't we just do a massive clean energy public works type project",1.0,0.0
422977,nooblord1,Some questions about climate change - who is to blame and what can we do to in the US at least?,1.0,0.0
423014,[deleted],"Since algae can capture CO2, could an army of 3D-printed task-oriented robots (like a Roomba for farming) be used to mitigate climate change by implementing large-scale algae farms that grow exponentially?",1.0,0.0
423748,[deleted],"Would it be a bad idea to settle down in a coastal area right now, given climate change?",1.0,0.0
423774,[deleted],"Is climate change likely to trigger catastrophe in our lifetime? And if so, what locations are most likely to provide survival?",1.0,0.0
423826,aimerz_,Can climate change cause more intense or more frequent thunderstorms?,1.0,0.0
424117,w_spark,Will climate change extend the availability of summer produce?,1.0,0.0
424132,kpmac92,What is the 'best' single source for climate change evidence.,1.0,0.0
424134,i_am_not_important,"Are there any proven, feasible ways to reverse climate change?",1.0,0.0
424141,kpmac92,What is the 'best' source of climate change evidence?,1.0,0.0
424157,Herbstrabe,Can we farm further north due to climate change one day?,1.0,0.0
424235,thinkmps11,How accurate have past predictions of the extent and effects of climate change turned out to be?,1.0,0.0
424258,Kilo_G_looked_up,Is it too late to stop catastrophic climate change?,1.0,0.0
425011,MrRoma,What do historic storm records on the Gulf Coast suggest about the role of climate change in the frequency and severity of hurricanes and other tropical storms?,1.0,0.0
425179,askbadquestionbot,What is the definitive proof that the climate change we are seeing is outside of the normal variations within earth's natural cycle?,1.0,0.0
425224,[deleted],Question for anyone wanting to convince or understand skeptics on [climate change],1.0,0.0
425230,sexploringvirgin,Can you assist a climate change skeptic?,1.0,0.0
425601,corelatedfish,Is it possible that the extinction event that is likely to correlate with global climate change will be reduced by the emergent complexity developed in previous climactic events?,1.0,0.0
425929,NickFortuna,What points of no return have we already gone past with regards to climate change? How many just on the horizon? What are we certain there is still time to address?,1.0,0.0
425982,[deleted],"[Serious] What can I, as an individual or part of a family, do to fix climate change?",1.0,0.0
426232,[deleted],What is a simple experiment to prove the effects of human caused global climate change?,1.0,0.0
426253,R34LiSM,Many nations are pushing to replace traditional energy sources with wind turbines. At what point (if any) would harvesting wind begin to create climate change amongst surrounding regions?,1.0,0.0
426277,[deleted],Are we perpetuating climate change faster than we were before- through technology?,1.0,0.0
426314,MVXre5ajjYP,"Regarding climate change, what ramifications are to be reasonably expected in our life-times?",1.0,0.0
426443,[deleted],"Realistically, What changes are we looking at with climate change in the next 100 years.",1.0,0.0
426448,[deleted],"Realistically, What changes are we looking at with climate change in the next 100 years?",1.0,0.0
426520,[deleted],I am a 20 year old resident of South Louisiana. Will my home be significantly damaged or changed due to climate change within my lifetime?,1.0,0.0
427051,DethNerd,Which country's human population will be negatively affected by future climate change the least?,1.0,0.0
427810,cedobor,How much does cattle feeding contribute to climate change?,5.0,0.0
427898,noahhw,Concrete proof of climate change?,1.0,0.0
427965,Sallatheory,"Because water run over limestone increases carbon absorption, can we do this on a huge scale to help reverse climate change?",1.0,0.0
429017,RapperBugzapper,I'm 16. Will I experience any effects of climate change or nonrenewable resource abuse in my lifetime?,1.0,0.0
429462,serumvisions_go_,in what ways does humidity factor into climate change ? what is the relationship between the two ?,1.0,0.0
430033,shoulder_coatimundi,"Can anyone recommend peer-reviewed sources showing that climate change is caused by human activities? (This is not a ""skeptic"" post, I am looking for basic sources to cite and demonstrate the point.)",1.0,0.0
430780,[deleted],Is it too late to stop climate change?,1.0,0.0
431073,[deleted],Is climate change a 1 one road ?,1.0,0.0
431290,[deleted],"With regards to climate change, will we ever be able to reverse what is happening or can we just slow it down?",1.0,0.0
431461,tupungato,"Why isn't there more focus on ""painting roofs white"" (or green) initiative to fight climate change?",1.0,0.0
431742,[deleted],What (if anything) is actually being done about climate change?,1.0,0.0
432097,Sundance37,"Could we manipulate Earth's orbit in theory, in order to ""cure"" the global climate change?",1.0,0.0
432353,jaymomomo,Will climate change cause the extinction of the human species?,1.0,0.0
432735,Cantsaymynamehere,"If global warming/climate change is causing the average temperature of the earths atmosphere to rise, why can't we create a small scale nuclear winter to counteract the rise?",1.0,0.0
433160,ceropoint,"As of 2016, just how much positive impact on climate change and biodiversity would substantially decreasing and remeat and dairy consumption still have?",1.0,0.0
433240,created4this,Is it possible to halt runaway climate change with nuclear weapons,1.0,0.0
433288,created4this,Is it possible to halt or reverse runaway climate change with nuclear weapons?,1.0,0.0
433337,[deleted],How much of an effect did early nuclear testing have on climate change?,1.0,0.0
433377,[deleted],What is the definitive evidence to show that climate change is man made?,1.0,0.0
433931,[deleted],A climate change related question.,1.0,0.0
434268,TheLemoning,What are the biggest man-made contributors to global warming/climate change?,1.0,0.0
434289,roycegracieda5-9,"If we had enough solar panels and solar-powered devices, could it counteract some of the affects of climate change?",1.0,0.0
434315,2JZ,Why is CO2 considered the main driver of climate change when it comprises only a fraction of the earth's atmosphere (400ppm)?,1.0,0.0
434334,Bombproofbubble,Where can I go to find unbiased factual research on climate change?,1.0,0.0
434562,Doesntfuckwithducks,Would it be possible to reverse climate change in the event of a nuclear winter?,1.0,0.0
434738,[deleted],"What can a normal, average citizen of the world do to help climate change?",1.0,0.0
434745,Ohfkhesback,Is it possible to reverse human induced climate change?,1.0,0.0
434796,chilehead,What can average people do to combat climate change?,1.0,0.0
434826,[deleted],"Due to climate change, in the future will the 4 weather seasons start and finish in different months to what they do now?",1.0,0.0
435137,[deleted],"After what seems like one post after another about the dire circumstance of climate change and global warming, is there actually any hope for humanity?",1.0,0.0
435145,ernest_dickingway,"After what seems like one post after another about the dire circumstances of climate change and global warming, is there actually any hope for humanity?",1.0,0.0
435201,[deleted],"Are we on track to stopping climate change, and what can we as individuals do to do our part in preventing it?",1.0,0.0
435213,GuinnessDraught,Is carbon sequestration a viable approach for combating climate change? Are there any concepts or technologies being developed that may be realistically implemented in the near future?,2.0,0.0
435304,[deleted],Are we really too late to prevent the worst effects of climate change?,1.0,0.0
435408,[deleted],Have we passed the point of no return for climate change?,1.0,0.0
435502,[deleted],"What can I, as a individual do to reduce climate change?",1.0,0.0
435537,samwise245,Just where do we stand on climate change at the moment?,1.0,0.0
435800,I_hear_things,What effects will climate change have on areas of the earth that have already been effected by human abuse like the Sahara desert?,1.0,0.0
435906,stonedsasquatch,What can I do to fight climate change?,1.0,0.0
435944,z0mbietime,Are most climate change skeptics coming around?,1.0,0.0
436095,Idiot-Warranty,Meteorology: Will climate change affect our short-term predictions of the weather?,1.0,0.0
436099,Idiot-Warranty,Meteorology: Will climate change affect our short-term predictions of the weather?,1.0,0.0
436114,Lantonino,Timeline of what to expect from climate change?,1.0,0.0
436888,filmistruth24,What are the chances of climate change leading to human extinction?,1.0,0.0
437388,Lantonino,What will climate change look like if we don't change?,1.0,0.0
438077,[deleted],Artificial meteor or nukes to prevent climate change,1.0,0.0
438080,sammey884,Artificial meteor or nukes to prevent climate change?,1.0,0.0
438203,[deleted],How **strong** is the *scientific consensus* regarding human-induced global climate change?,1.0,0.0
438206,[deleted],How strong is the scientific consensus regarding human-induced global climate change?,1.0,0.0
438376,thewhitebuhle,"[Earth Science] What GOOD will come from climate change, if any?",1.0,0.0
438407,invaderfox,How strong is the scientific consensus regarding human-induced global climate change?,1.0,0.0
438426,Drama_Derp,"Within the continental United States, what area would be the least (negatively) affected by climate change and pollution over the next 50 years?",1.0,0.0
438450,[deleted],Who are the scientists that deny human caused climate change and what is their evidence?,1.0,0.0
438618,nacrastic,What would be the physical impacts (not economic/political) to climate change if all of Clinton's stated plan goals are met?,1.0,0.0
438760,KDParsenal,Worst of the worst climate change in British Columbia,1.0,0.0
438768,KDParsenal,What would be the worst of the worst effects of climate change in British Columbia? (Though experiment),1.0,0.0
438782,biscuitsncheese,What impact does our diet have on climate change?,11.0,0.0
438785,Hull_City_Hate_Crew,"Exactly how fucked are we, in regards to climate change?",1.0,0.0
439004,[deleted],"If a Nuclear Holocaust were to occur (e.g. Fallout), what effects would it have on the environment/climate change?",1.0,0.0
439957,[deleted],What are some potential unexpected/unpublicized effects of climate change?,1.0,0.0
440007,[deleted],Would humans more likely survive the Earth with an extreme climate change of heat or extreme cold?,1.0,0.0
440119,[deleted],Are there areas of desert which are likely to turn into temperate/tropical ecosystems because of climate change?,1.0,0.0
440193,wadie31,How long long does it take your body to adapt to a climate change ?,1.0,0.0
440355,Wargazm,How long would it take for us to know if a particular policy designed to fight climate change actually worked?,1.0,0.0
440399,PleaseSaveTheOtters,Will winter be more fierce due to climate change in a type of way to cool the planet down?,1.0,0.0
441357,Gummy4,What is being done to control climate change?,1.0,0.0
441767,buffsterboy,Why do we want to stop climate change? Isn't rapid and extreme environmental change the primary catalyst for important evolutionary leaps?,1.0,0.0
441825,[deleted],Is it realistic to be worried about the end of the world because of climate change?,1.0,0.0
442079,livingonthecouch1988,"If climate change does eventually wipe out the human race, what will survive? And how likely is it for another highly intelligent species to eventually evolve?",1.0,0.0
442118,Battery_nipples,How screwed are we due to climate change?,1.0,0.0
442164,[deleted],[serious] Does anybody have any good news about climate change?,1.0,0.0
442166,[deleted],Is there anybody who has good news about the future of climate change?,1.0,0.0
442235,[deleted],How(if at all)do large fresh water bodies insulate local areas from global climate change?,1.0,0.0
442332,GlitchedGamer14,What effects of global climate change would someone under 30 experience in their lifetime if warming continues at its current rate?,1.0,0.0
442360,banditoderojo,Are there any predicted benefits that will result from climate change?,1.0,0.0
442403,MeGaManMaDeMe,Which countries or areas could potentially benefit from climate change and why?,1.0,0.0
442930,GeorgieWashington,"Given that the world is going to miss all targets regarding climate change and CO² emissions, what drastic measures will the world have to take to undo the major consequences of too much CO²?",1.0,0.0
442974,dstoner79,Is it irresponsible to have kids considering a climate change disaster isnt far off?,1.0,0.0
443362,Shadow-Light-Master,"What's the worst damage that can happen from climate change? Can humanity go extinct? If so, how?",1.0,0.0
443435,DarthSatoris,What can the average Joe do to help with climate change?,1.0,0.0
443549,dhsjsbsvusis,"Why is the world not acting on the ""Iron Hypothesis"" to combat climate change?",1.0,0.0
443602,[deleted],"My dad is super conservative and thinks climate change and global warming is a hoax, can you guys provide some solid evidence I can use to try and persuade him that it's real?",1.0,0.0
443610,[deleted],My super conservative father believes that climate change is a hoax. Can you guys help me get some solid evidence to show that it is a real problem?,1.0,0.0
443640,abaxtastic,How might the population of high altitude and high latitude countries change as climate change forces many out of low-latitude and low-lying regions,1.0,0.0
443652,[deleted],What sort of changes are we expected to see with Tropical Storms/Hurricanes as climate change continues and the expected sea level increases?,1.0,0.0
443981,ElkScout,What are the major arguments against climate change?,1.0,0.0
444044,[deleted],Should we start painting our roofs white to help combat climate change? Would this have any discernable impact on the long term temperature?,1.0,0.0
444299,[deleted],Is it possible to extract carbon at a high enough scale to curb the effects of climate change?,1.0,0.0
444307,HippoHorse,Is it possible to extract carbon at a large enough scale to curb the effects of climate change?,1.0,0.0
444349,taqfu,Will the Sonoran Desert become uninhabitable like the Middle East and North Africa due to climate change?,1.0,0.0
444458,SmellyGoat11,"So I keep hearing that climate change has reached a pretty bleak tipping point. If we're looking at another ice age, wouldn't the best hope for humanity's future be to invest our time in researching mass shelter/hydroponic technologies?",1.0,0.0
444481,[deleted],What is the end-all study you reference when arguing the reality of climate change?,1.0,0.0
444553,[deleted],At what point will climate change begin to have a noticeable effect on the general majority?,1.0,0.0
444731,[deleted],Is there evidence to show that storms like Matthew are due to man-made global climate change?,1.0,0.0
445113,[deleted],Why isn't geoengineering being considered as a viable alternative to fight climate change?,1.0,0.0
445590,ThisTacoIsGood,What ecosystems (if any) stand to gain the most from climate change?,1.0,0.0
445695,L3T,My dad is a climate change denier. What can i send him to persuade him otherwise?,1.0,0.0
445857,agtk,How did climate change affect Hurricane Matthew?,0.0,0.0
446332,JB_UK,Do we know the full impacts of fracking on climate change? Are there studies that take full account of methane released by the process?,1.0,0.0
446383,[deleted],Would we be able to use the same technology we would use to terraform Mars to reverse the effects of climate change on Earth?,1.0,0.0
446593,[deleted],"In talking about climate change with a skeptical friend recently, I made this argument and it seemed to be effective. I'd be curious to hear what r/askScience would have to say about it.",1.0,0.0
446710,[deleted],"In talking about climate change with a skeptical friend recently, I made this argument and it seemed to be effective. I'd be curious to hear what people with more specific knowledge would have to say about it.",1.0,0.0
446720,[deleted],How does it feel to warn the world of impending climate change and no one listens?,1.0,0.0
446721,wootcrisp,"In talking about climate change with a skeptical friend recently, I made this argument and it seemed to be effective. I'd be curious to hear what people with more specific knowledge would have to say about it?",1.0,0.0
448164,pixeladrift,"If we continue on this path towards climate change, what should we expect our world to look like in 200 years?",1.0,0.0
448559,Orwellian1,"In light of the new restrictions on current AC refrigerants, how much impact are they having on climate change?",1.0,0.0
449371,[deleted],"Why is there even an argument over climate change (global warming?""",1.0,0.0
449637,jvttlus,"Does current climate science theory support the idea that the current ""Indian Summer"" or last year's warm January are the result of climate change/global warming?",1.0,0.0
449655,yikes3425,Is the recent hot year *actually* the result of man-made climate change?,1.0,0.0
450123,SUCKSTOBEYOUNURD,Is there any truth to John Coleman's denial of climate change?,1.0,0.0
450359,Mserendipity,On Geoengineering and climate change adaptation: Would it be feasible to divert water from melting ice caps to desert climates to mitigate effects of global warming?,1.0,0.0
450388,Im_no_cowboy,"Could liquid thorium reactors provide enough cheap energy to reverse climate change by collecting carbon from oceans, turning it into solid form and putting it back in coal mines?",1.0,0.0
450846,YoBooMaFoo,What are the potential benefits of global climate change?,1.0,0.0
451047,TheWestButt,"If everyone on earth were to disappear, how long would it take for man made climate change and the like to reverse?",1.0,0.0
452065,BlackViperMWG,Is it true that migrant wave and war in Syria and other countries are results of climate change?,1.0,0.0
452281,don0tpanic,"My mother recently claimed: ""We don't need to worry about climate change because God is in charge of the climate."" How do I convince her otherwise?",1.0,0.0
452648,JestersHat,What kind of animals are sure to survive a plus 5 degrees celsius in climate change?,1.0,0.0
452852,Nervous_Energy,How clear-cut is the line between anthropogenic and natural climate change?,1.0,0.0
453261,Tree60,What are the best scientific studies on climate change and the interaction that humans have on it.,1.0,0.0
453534,taehyun778,In what way are we trying to use nano technology to fight carbon emissions and climate change in general?,1.0,0.0
453753,[deleted],What are good introductions to climate change for a scientist?,1.0,0.0
454004,AntixK,Why do people think climate change and global warming is a hoax?,1.0,0.0
454081,tapesofwrath,"What are some good peer reviewed, scientific papers with important conclusions on the science of climate change?",1.0,0.0
454166,[deleted],"When climate change takes full effect and we see the rampant wild fires, floods, etc. what areas will be the areas of refuge, if any exist?",1.0,0.0
454198,[deleted],Why have global warming models failed to accurately predict climate changes?,1.0,0.0
454261,NoturAverageBear,Why have global warming models failed to predict climate change accurately?,1.0,0.0
454301,steveclairefaneu,How does relief affect climate change?,1.0,0.0
454324,Sacks_Sacamoto,How significant are the effects of modern farming on climate change?,1.0,0.0
454372,Sacks_Sacamoto,How significant are the effects of modern farming on climate change?,1.0,0.0
454382,bfkill,Just saw Nat Geo's 'Before the flood': is stopping to eat beef really the most impactful thing I can do against climate change? Why?,1.0,0.0
454394,[deleted],Why are energy companies so fixated on denouncing climate change? Wouldn't it benefit those big companies to invest and develop renewable energy sources that they can use to turn a profit?,1.0,0.0
454440,Ilybird,Are we just delaying the inevitable with regards to climate change?,1.0,0.0
454461,uninc4life2010,"Can climate change cause certain areas of the planet to cool down as opposed to warm up? If so, which parts of the world are expected to experience cooling if our current trend of warming continues?",1.0,0.0
454544,Sacks_Sacamoto,How significant are the effects of modern farming on climate change?,1.0,0.0
454813,[deleted],Greenhouse emissions: Would giving up beef be enough to stop climate change?,1.0,0.0
454815,bittermillenial,"How, if at all, would sea level rise/climate change in general impact underwater topography?",3.0,0.0
455077,[deleted],Allan Savory reversing climate change.,1.0,0.0
455080,designingwomenfanclu,Will Allan Savory's properly managed livestock really reverse desertification and climate change?,1.0,0.0
455380,[deleted],What are some personal evidence you've seen in the world around you which is evidence of climate change?,1.0,0.0
455911,blaarfengaar,"Based on our best estimates and predictions going off of current data on climate change, just how bad is it going to get before it?",1.0,0.0
456034,bittermillenial,What are some lesser-known results of climate change?,1.0,0.0
456062,[deleted],From Now to 2100 How can we expect climate change to impact the USA?,1.0,0.0
456115,CatAct,What can the individual do to lessen their impact on climate change?,1.0,0.0
456179,[deleted],Will climate change result in previously uninhabitable areas like Outer Mongolia becoming arable and lead to their economic prosperity?,1.0,0.0
456293,bluetree32984,[Biology] Does climate change have an impact on cloud cover?,1.0,0.0
456389,[deleted],"Realistically, what can the average person do to stop climate change?",1.0,0.0
456626,mathteach314159,"Now that climate change is in the spotlight, and more people are understanding its effects more than ever, is it possible that a continuation of America's current efforts could pacify the public and not enough will continue to happen on the matter?",1.0,0.0
456627,Staross,What would be the impact on climate change if we stored all our wood production ?,1.0,0.0
456804,CanisMaximus,"If at the current pace present species reach the 75% threshold for a mass die-off extinction event in a century or three, which wild animals will be still around? Which animals (besides man) or clades are adaptive enough to survive sudden climate change, habitat loss, etc?",1.0,0.0
456820,Thoughts_on_drugs,Why will Euroasia become colder due to climate change?,1.0,0.0
456901,[deleted],How much has the sun's average angle in the sky changed during the past few decades? Can this have an impact on climate change?,2.0,0.0
456969,balticviking,"As a US citizen, how much does eating beef and other meat contribute to climate change?",1.0,0.0
457159,[deleted],What courses would I need to take/understand in to make sense of the research showing anthropogenic climate change?,1.0,0.0
457185,CanisMaximus,"If at the current pace present species reach the 75% threshold for a mass die-off extinction event in a century or three, which wild animals will be still around? Besides man, which animals or clades are adaptive enough to survive sudden climate change, habitat loss, etc?",1.0,0.0
457198,[deleted],Will underground housing become more common as a result of climate change?,1.0,0.0
457210,ForestDumplings,"How quickly and severely in 4 years will climate change get, if Trump has his way when it comes to his environmental plans? (Or lack of)",1.0,0.0
457224,minibeardeath,How much impact on climate change would occur if any of the top five carbon emitting countries stopped fighting climate change for the next 5 years?,1.0,0.0
457265,natorierk,What's a realistic we-don't-all-die climate change scenario presently?,1.0,0.0
457300,[deleted],What does the future hold for climate change?,1.0,0.0
457391,[deleted],The medieval warm period has been caused by high solar radiation and low volcanic activity - can the climate change have the same reasons rather than co2 levels in the atmosphere?,1.0,0.0
457400,theclimatematters,How much will Trumps plans for climate change actually hurt the environment in the next 4 years and is there anything the we can do to prevent this?,1.0,0.0
457504,[deleted],"What is the best place to live in 100, 200, ... years if climate change happens at the current rate of CO2 output?",1.0,0.0
457532,SoahXi,What actually needs to be done in order to reverse climate change?,1.0,0.0
457536,Bunslow,"What are the most eminent journals, articles, or meta articles about climate change/global warming?",1.0,0.0
457542,G_Petronius,"Aside from temperature rising, which effects of climate change have been *quantitavely* modeled and what are their scenarios?",1.0,0.0
457558,Sinistermike72,Why is there any uncertainty when it comes to climate change?,1.0,0.0
457618,Subcomfreak,I need some info/articles on climate change. What causes it? How do humans impact global temperatures (ex. run-away economic growth)? What will temperatures be like in the years to come?,1.0,0.0
457814,[deleted],"Will it be possible to avoid catastrophic, humanity-threatening climate change after 4-8 more years of inaction and regressive environmental policies by the United States? If not, will it be possible to reverse any of those effects after they have started?",1.0,0.0
457839,JanetYellensFuckboy,"Under Donald Trump's proposals, what would the consequences be for global climate change?",1.0,0.0
457841,Iamnotarobotchicken,Are climate skeptics right that sarelite data does not support the consensus that man made co2 emissions are driving climate change?,1.0,0.0
458006,primalMK,Is SkepticalScience.com considered a legitimate source for climate change related questions?,1.0,0.0
458047,DawnOfLevy44,Can we still prevent climate change?,1.0,0.0
458068,[deleted],What is currently the most pressing issue climate change-wise?,1.0,0.0
458081,SourMash_plh,How do I educate myself on climate change?,1.0,0.0
458091,crhuble,"In regards to climate change, why does an increase in temperature sometimes lead to drought and sometimes cause an increase in rainfall?",1.0,0.0
458245,-SG,My stepfather is a vehement climate change denier. Could someone please point me to some resources that I can use to show him the light?,1.0,0.0
458252,[deleted],"If terraforming Mars seems to be a real possibility, why can't we use the same type of technology to change our own atmosphere and reverse or deal with the effects of climate change?",1.0,0.0
458285,[deleted],What's the closest scientific consensus on a timeline for the effects of climate change?,1.0,0.0
458412,Phil_Drill,"So when is it too late to ""fix"" climate change?",1.0,0.0
458433,cablebent1988,"What happened to the first scientific study and research on Global Warming (climate change) that was first brought into the political world? Was it upheld by later research, or shown to be faulty or incomplete?",1.0,0.0
458448,CaptainNicodemus,Whats the best way of going about climate change deniers?,1.0,0.0
458491,oskarege,There is a growing consensus in the scientific community that the point of no return for catastrophic climate change has been reached. What are some emergency (temporary?) solutions we can implement to avoid disaster? [Climate],1.0,0.0
458576,OGMacGyver,Where do climate change deniers get their stats?,1.0,0.0
458696,[deleted],How do I emphasize the very real existence of climate change to my father?,1.0,0.0
458702,[deleted],How do I emphasize the very real existence of climate change to my father?,1.0,0.0
458778,IArgueWithAtheists,"What is wrong with the argument made by this ""The Federalist"" critique of XKCD's climate change timeline?",1.0,0.0
458827,ActualObama,Is it really that important that Donald Trump address climate change within these next 4 years?,1.0,0.0
458862,[deleted],How to properly argue climate change,1.0,0.0
458870,[deleted],I am a healthy 22 year old male. Could climate change kill me in my lifetime?,1.0,0.0
458906,sunshine-x,"Even if we take immediate action on climate change, how screwed are we? Are we just trying to save the human species at this point?",1.0,0.0
458914,aannoonn5678,How much of it is propaganda on both sides when it comes to climate change?,1.0,0.0
459024,[deleted],"If we continue to do nothing when it comes to climate change, what kind of changes will we see?",1.0,0.0
459083,[deleted],What are plausible/realistic Geo-Engineering Options to mitigate climate change?,1.0,0.0
459093,MFord13,How to properly argue climate change?,1.0,0.0
459110,jabberwockxeno,"I've heard that in the context of climate change, assuming we are able to curb emsisions and actively remove greenhouse gases from the atmosphere, temperatures will gradually return to normal. Will the same be true of the sea level?",1.0,0.0
459230,DeMagnet76,"A climate change denier and ""vaccines cause autism"" coworker of mine powders this to my facebook page. Can you guys help me to find a solid link or video to refute this?",1.0,0.0
459288,Footsteps_10,Is it out of bounds to say that humans will gradually evolve with climate change?,1.0,0.0
459300,sunshine-x,"Even if we take immediate action on climate change, how screwed are we? Are we just trying to save the human species at this point?",1.0,0.0
459333,[deleted],How can we say climate change is a fact when we were off by 6% on an election?,1.0,0.0
459461,SfGiantsPanda,What is your best argument to convince someone humans are causing climate change?,1.0,0.0
459540,TheWhiteSpark,Where can i find an open discussion from climate scientists about climate change?,1.0,0.0
459550,[deleted],Do current climate change models take into account the projected global population growth?,1.0,0.0
459565,MFord13,How to properly argue climate change (without politics)?,1.0,0.0
459581,ps4southofdc,"If we assume climate change will raise temperatures by at least 5-6°C whatever we now do, how can we start preparing future generations for the consequences?",1.0,0.0
459593,Futtekiller123,Should i buy property near the coastline in Denmark considering climate changes?,1.0,0.0
459659,[deleted],Why aren't we using geo-engineering solutions to deal with climate change right now?,1.0,0.0
459741,aoekgdlwodk,"As someone terrified about climate change as well as the recent election, I'm very curious about something. Is it possible for one man to destroy everything we have worked up to?",1.0,0.0
459909,travellin_matt,Could American scientists strike until Trump accepts climate change?,1.0,0.0
459948,[deleted],"There has been discussion on sequestering atmospheric carbon to fight climate change, but what about methane? Is there anything that can be done about it?",1.0,0.0
459967,Cleeky,"Is there anything I, an average person, can do about climate change in a large scale?",1.0,0.0
460095,El_Seven,"Since humans contribute to climate change, how do we reduce the impact without a massive reduction in world population?",1.0,0.0
460157,reallybadadvisebird,climate change impact if all co2 production in earth moved to mars,1.0,0.0
460165,reallybadadvisebird,climate change impact on mars if all co2 production in earth moved to mars?,1.0,0.0
460256,[deleted],"My dad doesn't believe in manmade climate change, what evidence can I present him with that could change his mind?",1.0,0.0
460283,deanresin_,Has the climate change had any positive effect on any ecosystem or created new habitats?,1.0,0.0
460349,sleepykittypur,Is human cause climate change real?,1.0,0.0
460355,extra_ranch,"It's common knowledge that ice melting in a container of water doesn't change the volume of water, so why would arctic ice sheets melting from climate change cause sea levels to rise?",1.0,0.0
460423,[deleted],My dad's a climate change skeptic and doesn't believe any of the evidence I put in front of him. How can I convince him otherwise?,1.0,0.0
460437,[deleted],What is happening due to climate change *right now* that I'm not hearing about?,1.0,0.0
460856,VanillaSplat,In school we're taught that we're actually currently living in an Ice Age. How do we know climate change isn't just the world exiting our Ice Age?,1.0,0.0
460973,jurassicbond,What methods are used to determine climate changes in the past? How far back can we actually determine past climate change?,1.0,0.0
461230,malabanuel,What is the best way to convince a person that man-made climate change is real?,1.0,0.0
461260,IveChangedMyMind,What are the arguments/points against man-made climate change and what are the links/evidence/counter argument for man-made climate change?,1.0,0.0
461263,Qender,What's the closest scientific consensus on the upcoming effects of climate change?,1.0,0.0
461282,s0mcca02,[Serious] Based on previous generations I expect to die during the 2070s. What major effects of climate change am I most likely to see in my lifetime?,1.0,0.0
461361,Superdudeo,"If mankind eventually had a mass extinction event from something like climate change, would there be a chance we would somehow come back or would be suffer the fate of dinosaurs?",1.0,0.0
461484,[deleted],"If climate change causes longer summers, will plants have longer growing seasons?",1.0,0.0
461519,[deleted],"Is there 100% definitive proof that climate change is a real thing, and specifically caused by human actions?",1.0,0.0
461554,justcurious1234567,"What are the best things a normal person, living in the US, can do to help the problem of climate change?",1.0,0.0
461555,[deleted],"Is there 100% definitive proof that climate change is a real thing, and specifically caused by human actions?",1.0,0.0
461592,OggySanti,What is something that humans can realistically do to help delay climate change?,1.0,0.0
461645,CaptainMan02,Can I get pointed in the right directions for anthropogenic climate change research?,1.0,0.0
461683,[deleted],Why should I believe climate change is real?,1.0,0.0
461736,drunken_knight,I'm looking for a concise list of verifiable examples of climate change that I can cite when discussing the issue with sceptics.,1.0,0.0
461738,drunken_knight,I'm looking for a very concise list of verifiable examples of climate change that I can cite when discussing the issue with sceptics. Suggestions?,1.0,0.0
461928,miles_v,What are the most effective environmental interventions for slowing/reversing climate change?,1.0,0.0
462000,queeflatifah321,What is the evidence for human-caused climate change versus climate change by natural causes and why?,1.0,0.0
462048,MWEAI,I want to understand climate change.,1.0,0.0
462056,pinky_blues,"Why is carbon such a huge focus of climate change, and other gases ignored?",1.0,0.0
462065,nyxo1,"If 97% of climate scientists believe climate change is real, what are the 3% prominent arguments against it?",1.0,0.0
462222,neighbor_ned,What types of natural disasters will become generally more severe as climate change worsens?,1.0,0.0
462423,[deleted],Can someone explain the arguments this climate change skeptic makes in this article?,1.0,0.0
462761,[deleted],What can one individual do to reduce their negative impact on climate change?,1.0,0.0
463176,MWEAI,How do I become a non-scientist expert on climate change?,1.0,0.0
463282,-Tim-maC-,Climate change: open minded question: what do you think about this article denying anthropogenic climate change?,1.0,0.0
463336,[deleted],What are the chances that we in fact came from Mars and moved to Earth to escape climate change?,1.0,0.0
463375,PMME_YOURACTUAL_EYES,At what point can we expect to see climate change just bring about the end to everything?,1.0,0.0
463376,thatcreepyfigguy,Wood burning stove. Good or bad for environment/climate change?,1.0,0.0
463410,[deleted],"What is a more pressing problem: climate change or antibiotic resistance, and why?",1.0,0.0
463424,[deleted],What are the main bullet points of the scientific communities claim that climate change is man made?,1.0,0.0
463425,JPesky,How do we know that climate change isn't just Earth going through a period of warmth?,1.0,0.0
463433,Bowbreaker,Is it true that the rise of the sea level has been steady for ~150 years? How does that line up with manmade climate change?,1.0,0.0
463502,ExtreemWeenie,because the last time this was asked was 4 years ago: are the recent climate change concerns the product of human industry and farming?,1.0,0.0
463611,[deleted],Is it possible to undo climate change by recapturing carbon emissions from the atmosphere?,1.0,0.0
463672,RedJohn451,"Considering the current state of climate change, is earth the ideal place to start testing terra-forming techniques on a global scale?",1.0,0.0
463711,[deleted],United States and climate change?,1.0,0.0
463785,Paddy-o,Why are we concerned with global warming or climate change when the planet naturally goes through phases of highs/lows and we are in between highs and lows of the past?,1.0,0.0
463807,gcnovus,What research exists on how to convince people to take action on climate change?,1.0,0.0
463875,[deleted],Looking for books/documentaries/peer-reviewed publications to better understand man-made climate change,1.0,0.0
463877,Sauce_Bawce,What is the best evidence of man-made climate change?,1.0,0.0
463883,[deleted],What happens to climate change research now?,1.0,0.0
464252,Partempo,"What is the largest, most immediate, and ultimate cause of climate change?",1.0,0.0
464553,[deleted],"If someone had the resources of a foundation, what would be the best way to use them to fight climate change",1.0,0.0
464558,[deleted],"If someone had the resources of a foundation, what would be the best way to use them to fight climate change?",1.0,0.0
464598,Sauce_Bawce,[Earth Science] What are the best sources for researching man-made climate change?,1.0,0.0
464633,MWEAI,What books should I read to become a non-scientist expert on climate change.,1.0,0.0
464637,MWEAI,What books should I read to become a non-scientist expert on climate change?,1.0,0.0
464678,thisisammar,Perhaps this would make for a powerful argument for climate change: How many deaths will my carbon footprint cost?,1.0,0.0
464739,mozarkk,What is currently going with climate change?,1.0,0.0
465087,SilenceoftheSamz,What happens when science based organizations are at odds with political policy? Like NASA and the NOAA are going to be in relation to the Trum administration in terms of climate change,1.0,0.0
465123,MostOriginalNickname,How concerned do I have to be about climate change?,1.0,0.0
465278,natelion445,What is the gold standard of climate change studies?,1.0,0.0
465781,Pwulped,Can desalination resolve our clean water shortage AND the rising sea level problem caused by climate change?,1.0,0.0
465882,ExpoM3rker,Why is climate change seemingly becoming exponentially worse over recent years even with all we are doing to stop it?,1.0,0.0
465976,fellow_reddit_user,How much impact can one person make to combat climate change?,1.0,0.0
466081,hammerheadquark,What are the current methodologies that show climate change is occurring?,1.0,0.0
466274,[deleted],What is our best chance when it comes to climate change?,1.0,0.0
466292,sitdowncat,How do I hold my own against climate change denier?,1.0,0.0
466511,[deleted],Are there any credible arguments against anthropogenic climate change that climate deniers suggest are hidden from the public?,1.0,0.0
466601,bigrick219,Axial tilt and climate change.,1.0,0.0
466606,bigrick219,What impact does axial tilt have on climate change?,1.0,0.0
466691,Redwood_Summer,Could we combat climate change by engineering super trees that grow taller and absorb more CO2?,1.0,0.0
466921,bertbarndoor,Create partial shadow on earth by orbiting geo-aligned large object close to sun to reduce climate change?,1.0,0.0
467435,[deleted],What are the main reasons of climate change deniers?,1.0,0.0
467497,[deleted],What do I and others have to be optimistic about regarding climate change?,1.0,0.0
467780,schatzski,What are some legitimate journals that attempt/can refute climate change?,1.0,0.0
467840,TasteLikeShit,"Hey Reddit, do you think climate change/global warming is a hoax/fake?",1.0,0.0
467920,[deleted],To the Environmental Scientists who don't belive in climate change ( or that it isn't an issue). What is their evidence and should we trust their conclusion?,1.0,0.0
467923,IGrimblee,What impact will the Tennessee wildfires have on climate change/global warming?,1.0,0.0
468158,PM_ME_CHEESE_STICKS,What can we actually do to help the planet against global warming and climate change?,1.0,0.0
468192,[deleted],"If we reduced the carbon dioxide in the atmosphere to normal levels, would all our climate change problems be solved overnight?",8.0,0.0
468207,ActivisionBlizzard,Is there much evidence for evolutionary responses to climate change?,1.0,0.0
468308,[deleted],What hope do we have regarding climate change and how do we further combat it?,1.0,0.0
468346,[deleted],How do we know climate change is occuring and why do so many conservatives deny it?,1.0,0.0
468618,Fire_away_Fire_away,What are the best sources that support observation of climate change?,1.0,0.0
468709,PmMeYourFists,What specific and reasonably short studies would you suggest I share with climate change skeptics/deniers?,1.0,0.0
468712,sittingathome,What are some legitimate/serious alternative theories to man-made climate change?,1.0,0.0
468818,forkl,Whats the best evidence we have for man made climate change?,1.0,0.0
468819,[deleted],How are sea levels measured talking about climate change?,1.0,0.0
468901,brave100,Can someone compile one of the most credible sources of climate change and how it's real?,1.0,0.0
469041,[deleted],What can I show my climate change denying family to convince them that it's true?,1.0,0.0
469054,greengrasser11,"MIT professor of Atmospheric Science, Dr. Richard Lindzen, opposes the notion of global climate change caused by humans. What exactly is his argument? Does it hold scientific merit?",1.0,0.0
469229,[deleted],If we covered the major ice sheets with solar panels would it help protect the ice from melting due to climate change?,1.0,0.0
469269,theblitz1,Could we reverse climate change by removing CO2 from the atmosphere after Earth has been heated up already?,1.0,0.0
469305,Kascade-,How does climate change effect our everyday lives?,1.0,0.0
469406,[deleted],What is the evidence for man-made climate change?,1.0,0.0
469582,squeeze_machine,Are there any projections of what will become of the human race given the current evidence for climate change?,1.0,0.0
469710,[deleted],Is global warming/climate change real? [serious],1.0,0.0
470017,[deleted],Does heat released from fossil fuels have any affect on climate change?,1.0,0.0
470437,MikailusParrison,"If UV radiation has more energy than IR radiation, why is it that gases that trap IR radiation a bigger problem when it comes to climate change?",1.0,0.0
470575,illerminerti,How do I completely prove climate change to nay-sayers?,1.0,0.0
470651,Mrfunnynuts,What ( if any) are the reasonable arguments against climate change?,1.0,0.0
470879,phatcrits,"If we are past the point of no return on climate change, we are we still funding it?",1.0,0.0
471224,CowardlyAnon2016,"Absent significant progress on climate change, when is the earliest plausible loss of Miami or Ft Lauderdale to sea level rise?",1.0,0.0
471245,CrazyFisst,How can seemingly smart people deny climate change?,1.0,0.0
471258,[deleted],Is anthropogenic climate change natural?,1.0,0.0
471383,prednisoloneace,What region is experiencing the greatest amount of anthropocentric climate change?,1.0,0.0
471797,[deleted],How significant is the 97% consensus that climate change is caused by humans? Are there any other scientific theories that also have a 97% consensus?,1.0,0.0
471821,[deleted],How can we know climate change isn't simply part of Earth's natural cycles?,1.0,0.0
471831,Welldonegoodshow,What is a concise way to counter a stupid statement about climate change?,1.0,0.0
471884,[deleted],How significant is the 97% consensus that climate change is caused by humans? Are there any other scientific theories that also have a 97% consensus?,1.0,0.0
471978,[deleted],Could technology not cause the data changing on climate change?,1.0,0.0
471995,[deleted],Other than the 97% consensus that climate change is caused by humansre there any other scientific theories that also have a 97% consensus?,1.0,0.0
471998,bobbogreeno,"Other than the 97% consensus that climate change is caused by humans, are there any other scientific theories that also have a 97% consensus?",1.0,0.0
472079,tlbane,Consequences of climate change,1.0,0.0
472087,tlbane,What are the likely consequences of climate change vs. the economic depression that might occur should we enact sweeping regulations?,1.0,0.0
472129,dude0416,"The line of ""97 percent of scientists agree"" gets thrown out there a lot in discussions about climate change. What exactly is the opinion of that 3 percent of scientists?",1.0,0.0
472587,drexvil,Climate scientists: What are some NGOs that I can donate money to which would make the most impact per dollar in regards to climate change?,1.0,0.0
472626,bluedharma,Exactly how many climate scientists dispute humans' connection to climate change?,1.0,0.0
472778,DrRoflsauce117,Is climate change causing more ice formation in Greenland and Antarctica?,1.0,0.0
472788,Dear_Leader_Trump_,"If all Americans stopped mowing their lawns immediately, how much of an impact would it make on climate change?",1.0,0.0
473169,[deleted],What percentage of climate change is human made?,1.0,0.0
473175,IntheWhale,Just got done arguing with my family over climate change. What are some good articles/reports I can study to beef up my knowledge?,1.0,0.0
473376,PostAllTheThings,"In order to fully understand climate change, which scientific disciplines would I need to know and to what level?",1.0,0.0
473488,[deleted],Are we past the point of no return for climate change?,1.0,0.0
473527,[deleted],[Serious] How do you politely talk to someone who denies climate change and has no background in the arguments of scientific nature.,1.0,0.0
473539,B3arrat,"[Physics] would a couple nuclear detonations in some remote, isolated areas slow down climate change?",1.0,0.0
473604,CentiMaga,Is there a mathematical model that predicts climate change/anthropogenic global warming?,1.0,0.0
473618,[deleted],Will climate change create new never before seen weather phenomena?,1.0,0.0
473631,missirrefutable,What are some irrefutable claims that climate change/global warming are actually happening?,1.0,0.0
474280,[deleted],Are there any countries which will benefit from the climate change?,1.0,0.0
474616,[deleted],How do you argue climate change to someone who denies it?,1.0,0.0
474632,Aliriel,Could the Earth repair itself if climate change destroys all life?,1.0,0.0
475133,esperanto5,When will the effects of climate change become tangable to the average American?,1.0,0.0
475318,long_way_down,"Being Christmas, I've gotten into an argument with my dad who does not believe that climate change is being influenced by man made sources, mainly rise in CO2 levels. Does anyone know of some good sources to prove him wrong?",1.0,0.0
475396,[deleted],Why does climate change seem to affect the Earth's poles so much more than it does areas closer to the equator?,1.0,0.0
475398,FromTheDeskOfJAW,[Earth &amp; Planetary Sciences] Why does climate change seem to affect Earth's poles much more than it does areas closer to the equator?,7.0,0.0
475434,inteuniso,What applications of graphene hold the most potential for mitigating climate change?,1.0,0.0
475611,[deleted],How hot would the earth be approximately 100 years from now if climate change progressed at its current rate?,1.0,0.0
476240,[deleted],How long do we actually have before climate change fucks everything up?,1.0,0.0
476242,[deleted],How long do we have before climate change fucks everything up?,1.0,0.0
476256,peffypeffy,How has scientific understanding of climate change changed since A Inconvenient Truth?,1.0,0.0
476298,[deleted],According to the Farmer's Almanac this will be the 3rd straight year with virtually no winter weather in Northwest Arkansas. Is there any way to know if this will be the norm now due to climate change?,1.0,0.0
476444,PiedPiper95,I have a really stubborn relative who keeps telling me the facts don't support man caused climate change. Can someone please recommend a link or a source that shows the overwhelming evidence and studies that can help me refute his claim?,1.0,0.0
476502,mrmnder,[Possibly wrong sub] What reason do climate change deniers have for wanting to deny climate change?,1.0,0.0
476632,[deleted],To what extent is the damage caused by climate change irreversible?,0.0,0.0
476853,[deleted],How many years of normal life do we have left before consequences of climate change really start to kick in?,1.0,0.0
477098,boxdreper,Has the scientific community ever been wrong on something that was once as agreed upon as the reality of man-made climate change is right now?,1.0,0.0
477187,idontknowanything001,"With so much misinformation out there how can we, as individuals, feel confident in our stance on climate change?",1.0,0.0
477201,redkaku,Should we be as concerned about rapid population growth as we are with climate change?,1.0,0.0
477594,[deleted],"What is the effect on climate change if the sun switches off for 1 second, 1 minute, 1 hour, 1 day, ...",1.0,0.0
477597,[deleted],"What is the effect on climate change if the sun switches off for 1 second, 1 minute, 1 hour, 1 day, ...?",1.0,0.0
477610,Laser_Plasma,"Assuming that climate change doesn't stop, what is the best way for an individual to prepare for it?",1.0,0.0
477703,WorriedWorldCitizen,What can regular people do in our daily lives to reduce our impact on climate change?,1.0,0.0
479007,[deleted],What one law would you make/change/remove that would be most beneficial and effective in the fight against climate change?,,
479463,xCaffeineQueen,How much time do we have before the living conditions on Earth become catastrophic because of climate change?,,
479886,Kakofoni,The 97% consensus on climate change. Why only 97%?,,
480108,SkunkyFatBowl,Looking for journal article(s) examining the percent magnitude contribution of anthropogenically sourced carbon on the green house effect and climate change.,,
480113,SkunkyFatBowl,Looking for journal article(s) examining the percent magnitude contribution of anthropogenically sourced carbon on the green house effect and climate change?,,
480385,tatterdemalion420,Could all the nuclear detonations that have occurred since WWII contributed to climate change?,,
480390,[deleted],Is climate change predicted to affect the frequency of snowfall in the near future?,,
480473,fapily,Why don't 100% of scientists agree on man made climate change?,,
480700,rubie7109,What piece of evidence would be sufficient to disprove man made climate change?,,
480734,blackguysamurai,"I watched the first ten minutes before saying to myself, ""Alright, there may be something more to this climate change theory than we're led to believe."" Is this an accurate conclusion to arrive at, or are the ""facts"" presented in the video disputable as not being facts?",,
480887,PM-ME-YOUR-SHOULDER,I keep reading articles about how climate change is negatively impacting (insert thing). Is climate change positively impacting any environment or species?,,
481005,tearsoflesalt,Is climate change inevitable ?,,
481174,Womec,What basic things would also have to not be true if climate change wasn't real?,,
481401,james2x,With carbon sequestration on a massive scale can climate change be reversed?,,
481678,[deleted],"Can someone send me some good scientific papers detailing/proving climate change that I can send my climate-change denying father? (Keeps saying there's no proof and that ""the climate has been changing for billions of years!"" and what-not).",,
481965,[deleted],What ever happened to using technology to actively combat climate change?,,
481994,MwalimuG,What ever happened to using technology to actively combat climate change?,,
482013,neu8ball,Is there a realistic hope of scaling back climate change?,,
482014,chasmnaut,Is this presentation on climate change by Burt Rutan a good argument against climate change?,,
482371,befstrknauf,"With all this talk of us losing our coral reefs within X amount of years, because of climate change or whatever. Has this ever happened before? Does the world go through cycles and after a certain time it'll all just grow back fresh and new?",,
482535,fencesitterisme,It's 60 degrees outside in January. What are some practical things I can start doing TODAY to combat climate change?,,
482632,MentalMass,Is there empirical evidence of human-induced climate change?,,
482861,Jesus_Died_Lolol,"Dear ask science, why can't we just plant more trees to undo climate change?",,
483481,Brzig,Where can I find Peer-Reviewed articles on the impact of climate change and how it is caused by humans?,,
484247,YouBetterBelieber,"Does this new study really ""blow a hole"" in climate change, as the article suggests?",,
484871,BebopFlow,If we suddenly came across a zero-emission form of abundant energy would it be possible for mechanical uses of that energy to cause catastrophic climate change?,,
485717,seands,Can climate change truly end humanity?,,
485784,Metallic52,How well have the climate change models from the 1990's matched the data?,,
485908,warflak,What is the effect of biodiversity on climate change? Are any areas faring better than others? What are local responses to these changes?,,
486090,duckshoe2,Could jetstream displacement mitigate climate change?,,
486235,Sum_Spartacus,Would planting a ton of trees be the most effective way to reduce greenhouse gasses and slow climate change?,,
486341,CaptNos,Need help at work on carbon dating and climate change.,,
486356,TMW_752,"My father and I got into an argument over his views of climate change, and he doesn't believe that humans have changed our climate. What can I tell him to back my argument of the fact that humans indeed have changed our environment.",,
486470,AskScienceModerator,"We are Professor Tim Lenton and Dr Damien Mansell from the University of Exeter and we're about to launch our free global climate change course. Ask us anything about Climate Change, from challenges to solutions!",,
486556,pananana1,"The winter in New Orleans has been extremely mild - we've had like 9 days of cold weather so far. Is this because of climate change, or is it just a flukey winter?",,
486708,shreezbot,"Why do skeptics say ""consensus is not science"" with regards to climate change science?",,
486812,ElkScout,"Are there any positive results from climate change, and if so what are they?",,
487001,MySide_YourSide,Any advice on designing a high school science unit on climate change?,,
487035,JediKnight1,What are the best ways scientists can research and try to slow down climate change under a Trump presidency?,,
487152,TomTom9393,"In search of favorable climate change research, what regions of the world could have some short term benefit due to climate change?",,
487166,jaywalk98,What are the current predictions for the state of the world in 50 years with respect to climate change?,,
487344,regular_ol_plumbus,What are the short- and long-term effects of the US ceasing all climate change preventative measures?,,
487350,IllKissYourBoobies,"What'st the best, science based argument AGAINST climate change?",,
487436,Ufcsgjvhnn,How bad is climate change going to affect me in the next 50 years?,,
487489,goblue101,How do we know that human activity is causing climate change?,,
487504,J1STER012,Is there any positive news for climate change?,,
487896,[deleted],Is there something humans can do to reverse climate change quickly?,,
487916,[deleted],"How real is the threat of ""climate change"" and how imminent is this threat?",,
488108,WorldNewsCensorship,"Can psychology explain why half of the American public has fallen for climate change, a scam created by liberal elites to impoverish rural America?",,
488122,Darkholynova,Can large scale evaporation of water combat climate change?,,
488163,Bgtex,What is (are) the most convincing piece(s) of scientific literature that point to a man made climate change?,,
488268,[deleted],Were all those scientists able to copy all the climate change data?,,
488275,drunkforever,"What reliable and peer-reviewed evidence and data suggests that human actions are the causation, and not just a correlation, to recent climate change?",,
488309,monstermontalvo,How are we going to help solve climate change when trump rejects the idea of it?,,
488497,Dwights_Bobblehead,Hi all. I have seen it stated as fact by those who don't believe in man made climate change that more damage is done by the explosion of one volcano than by all the harmful chemicals released by China in an entire year. Is this myth?,,
488677,bloodfist45,Why do we base climate change on an arbitrary unit of time?,,
488766,BaronVonWasteland,How far inland will the new coastline be if climate change continues it's current path?,,
488859,[deleted],How viable of a solution would algae sequestration of greenhouse ages be in mitigating the effects of climate change?,,
488929,BaconCatBug,"If humanity is the cause of ""climate change"", why was the earth so much warmer in the past?",,
489089,PiedPiper95,Can someone recommend a source that presents the overwhelming scientific consensus on climate change in a concise manner?,,
489137,imhereforthenachos,What is the benefit of denying climate change is happening?,,
489164,peripheral_smission,Is there a comprehensive list of climate change study findings that is easy to link to someone when discussing it?,,
489277,overimbibe,Can devices that shift cold water (on the ocean floor) and warm water (on the surface) have any effect on slowing climate change?,,
489335,Rollswetlogs,What do you think is the best peer-reviewed paper for the support of human lead climate change?,,
489427,mitch251,What can I do in my community / state that will make a difference in terms of combatting climate change?,,
489500,Acesharpshot,Studies relating to climate change,,
489584,[deleted],"If all of the cars on earth disappeared and every modern society used trains and buses (exclusively large capacity public transportation) instead of individuals owning personal vehicles, how would it affect climate change?",,
489628,nana_nana_batman,What is climate change?,,
489663,DubistPoop,How much data do we have on climate change?,,
489780,[deleted],Is it possible to drop enough nukes on a certain part of our planet to have global cooling reverse climate change?,,
489873,[deleted],Why is there such an immense negatibe reaction to climate change?,,
489974,[deleted],Is Mankind the only reason for climate change?,,
490114,jeanlouisescout,Please suggest academic articles about climate change,,
490121,jeanlouisescout,Please suggest academic articles about climate change?,,
490224,[deleted],"What one fact (if possible), is the ""smoking gun"" to prove that human induced climate change exists.",,
490243,MyBowelsAreMoving,"What one fact (if possible), is the ""smoking gun"" to prove that human induced climate change exists.",,
490248,MyBowelsAreMoving,"What one fact (if possible), is the ""smoking gun"" to prove that human induced climate change exists?",,
490351,Sk8-30,"Will there ever be a moment where climate change is 100% proven or disproven so one side can say ""I told you so""?",,
490365,parlonida,How long do we have left before mass extinction if climate change continues to progress at it's current rate?,,
490651,warflak,What is the effect of biodiversity on climate change? Are any areas faring better than others? What are local responses to these changes?,,
491239,karlmalised,How climate change might work?,,
491426,[deleted],Can you help me debunk this climate change skeptic's three key points?,,
491712,dabedabs,How reliable are climate models? Is there actually a 97% consensus in the scientific community in the question of man's influence over climate change?,,
492062,Mfvd,Humans are the cancer of nature; our human activities and inventions have caused detrimental effects to nature and accelerated climate change. What other animals are like us?,,
492173,[deleted],Question about climate change and ocean currents?,,
492434,d-swagger,"Can you convince me that climate change is in fact real, and not just a correlation with weather cycles?",,
492926,[deleted],Are there any possible effects of climate change that would render solar panels useless?,,
493282,[deleted],What evidence is there to disprove climate change?,,
493292,knotacylon,"If phytoplankton went extinct do to climate change, what would be the over all consequences we could expect?",,
493930,TrumpsInnerThoughts,"Doing some research, I found some articles that said a cooler air temperature can raise resting metabolic rate. Does this mean that global climate change will cause a noticable difference in metabolism of people in certain areas?",,
494038,kyunkyun3,How bad is climate change going to affect the world in the next few decades? Are the effects really irreversible like some people are saying?,,
494238,I_not_Jofish,What are the arguments for (and against it there are any) climate change?,,
494325,tokvila,"With reasonable confidence: What will be the best geographical spot to live on the planet if climate change hits significant levels of impact (around 2030 or so), also how does it change if you factor in likely military conflicts triggered by resource shortages?",,
494394,sevenVIIghosts,Where would be the safest and most sustainable place to live should the worst happen with climate change?,,
494551,[deleted],Is there a scientific consensus on the #1 action the world should take to slow or stop anthropomorphic climate change,,
494559,vnny,Is there a scientific consensus on the #1 action the world should take to slow or stop anthropomorphic climate change?,,
495022,hydrogen_to_man,What is the best plot or set of plots that show evidence of anthropogenic climate change?,,
495097,[deleted],How much longer will earth be able to sustain human life at the current rate of man-induced climate change?,,
495232,[deleted],"With climate change affecting the Earth as it is, when, if at all, will ISA change?",,
495335,[deleted],Does Penn and Teller's Bullshit episode on Recycling accurately conclude recycling is worse for climate change or is that conclusion out dated/originally inaccurate?,,
495669,BaconCatBug,"If humanity is the cause of ""climate change"", why was the earth so much warmer in the past?",,
495877,[deleted],When will we start seeing inhabited lands lost to flooding from climate change?,,
496003,1ndy1106,What is considered to be the most accurate model for climate change?,,
496511,TapiocaTuesday,What cetacean species are least threatened by (or most resilient to) the effects of climate change,,
496517,TapiocaTuesday,What cetacean species are least threatened by (or most resilient to) the effects of climate change?,,
496528,dimperialb,Is climate change exponential? How bad is it really?,,
496639,buckfutter35,"How do I refute the anti-climate change argument of ""scientist we're talking about global cooling in the 70's""?",,
496716,Sumnambulant,Where in the world is one most likely to live comfortably after climate change really sets in?,,
497211,Joafie,Does this video on climate change have any valid points?,,
497412,monsieurjerreh,"[Planetary Sciences] If climate change meant that the Earth was cooling at the same degree that it is heating, what sort of effects would we currently be seeing?",,
497694,[deleted],Is there a scenario in which climate change causes human extinction? What feedback loops would be involved?,,
497834,[deleted],What if climate change is actually happening because Earth is going back to the jungle-ish state it was before the ice age.,,
497837,Powrof3,What if climate change is actually the Earth going back to the jungle-ish state it was before the ice age?,,
497855,[deleted],What is the worst case climate change scenario for around 2100?,,
497866,Wilhelm_Amenbreak,There is a lot of talk about thestress that will be put on many plant and animal species if global climate change is allowed to continue the way that it is heading. What are some species that will flourish in that scenario?,,
497965,SoupOrJuice13,Is climate change as terrible as it is made out today? [Details inside],,
498277,PLZ_PM_ME_BUTTS,how does climate change affect weather?,,
498590,[deleted],"Are there currently any promising experiments that can mitigate climate change effects, or are we resigned to face the worst?",,
498938,Jerk0,"What are some factual, non-partisan, articles or studies on climate change I can share with a conservative friend who believes climate science is made up?",,
499087,shiggythor,[Physics] How bad can climate change actually be?,,
499582,chillax63,Is it too late to stop the tide of climate change?,,
499651,[deleted],Reputable sources for a conservative republican denier of climate change.,,
499885,jimjam4848,What is some convincing evidence of anthropogenic climate change?,,
500410,shreditorOG,"How feasible are carbon sequestration technologies, and can they be used to significantly mitigate climate change?",,
500998,WestDerpy,"Regarding climate change, is RCP 8.5 the likeliest scenario, now that we have deniers in charge?",,
501092,sibireddit,"A scientist at a conference discussed with me the non-existent climate change. I was speechless that even a scientist could support climate denial. Reddit, how should I discuss with a person at a conference without causing a scene?",,
501179,[deleted],How do I convince my conservative parents that climate change is real?,,
501364,shreditorOG,Is abrupt climate change a likely scenario?,,
501374,SDBabyS,What is the actual consensus amongst climate scientists that there is a high probability of anthropogenic climate change posing a significant economic and environmental risk in the near term if carbon emissions are not curbed?,,
501933,[deleted],"With climate change devastating some ecosystems, are there any ecosystems actually prospering under climate change?",,
502330,mbcruisin22,The recently published study Nature on the chaotic solar system is being used to draw false conclusions that man is not effecting climate change. Wouldn't the recent rise in atmospheric CO2 and it's affects not conflict with this study?,,
502477,DozyIsCozy,What would happen if there were no climate change reforms for the next four years in America?,,
502869,BOATSNHUOS,"Which part of the globe will climate change affect the most? The poles, equator, or in between?",,
502914,cfelch,How do we know that climate change is not a natural cycle?,,
503006,Grammareyetwitch,"Will land in Greenland, Siberia, and Antarctica become valuable before climate change stabilizes?",,
503302,crochet_du_gauche,"Many places are experiencing unusually warm winters this year. How much of this is due to climate change, and how much is normal random variation?",,
503583,yerdaandyermaw,Can GMO help fight climate change?,,
503796,[deleted],Anyone have advice or suggestions for designing a small scale climate change experiement using identical green houses and a 2 stroke motor?,,
503814,MrMolester,"Human activity will produce green house gasses. At the proposed regulation (if there is one), how much of green house gasses would it cut and how would it affect human activity? Will it reverse or at least stop the climate change or just slowing it down with the same inevitable outcome?",,
503828,alexinternational,How would you go about disproving climate change?,,
503860,TNS01,What would happen if we butchered all cows in the name of climate change?,,
503863,ragu55,"Which climate change scenario is worse, the globe warming by a few degrees or the globe cooling by a few degrees (thinking ice age)?",,
503899,Rapejelly,"If there is an increase of CO2 associated with goal climate change, would radio-carbon dating in the future of present items be skewed by the current saturation levels?",,
503970,[deleted],"Climate scientists of Reddit, what motives do people assign you when they claim you've fabricated climate change?",,
504003,httpjava,What affect would climate change have on deep sea life?,,
504129,abaddon667,Why can't we end climate change by planting more trees and plants.,,
504256,[deleted],Is terraforming theoretically possible? Its used in sci-fi alot but if it is possible could it reverse climate change or transform a planet?,,
504355,[deleted],What would be a logical reason to refute evidence of climate change? Why is there such a resistance against it?,,
504380,TDPK_Films,Is it possible to reverse climate change?,,
504462,backindenim,How do climate change deniers explain why all of Earth's breathable air doesn't float away into space?,,
504560,GreensburgZombie,What could the net positive effects of climate change be?,,
505087,[deleted],What are the most compelling scientific studies that I can cite to that would convince a skeptic that climate change is real?,,
505181,KennyKwan,"as an average Joe, what's the best way to help with the climate change?",,
505189,Aken42,"With the current climate change projections, what will the world look like in 20, 50, or 100 years?",,
505237,turquoiserabbit,"Does the amount of dark, paved surfaces humans have made have a measurable impact on local temperatures or global climate change?",,
505275,GasPasser420,Is it possible to stop climate change or can humans merely slow the current rate of change?,,
505465,PhysicsNovice,Could we kill a great lake and help climate change?,,
505668,eve87654,At what point should we redefine the months of each season due to climate change?,,
505915,[deleted],Do these things accelerate climate change?,,
506006,Mewing_Raven,"If current trends continue, what will climate change do to the earth within the next fifty years?",,
506411,[deleted],What temperature would the earth be without anthropogenic climate change?,,
507686,[deleted],Might longer growing seasons due to climate change slow climate change some due to the extra carbon absorption?,,
508062,throwmehomey,what percentage of change in temperature due to climate change is caused by humans?,,
508435,[deleted],"Assuming a worst case climate change scenario, where will be the best place on earth to live 100-200 years from now?",,
508584,godmode123,How much time do we have till climate change starts hurting the human population?,,
508896,Niandarr,Will we start to see discussion in the scientific community regarding manipulating the human genome to better adapt to climate change?,,
509054,SantaWantsYourSoil,How long do we have until climate change makes Earth uninhabitable?,,
509164,Maria12349,Is climate change really human induced ??,,
509406,djbattleshits,What was going on in the mid-19th Century that set a wide range of weather records that are only being broken now and attributed to climate change?,,
509432,[deleted],Do some animals die due to climate change and coming out of hibernation early?,,
509478,toolemeister,How screwed (or not screwed) is planet earth in terms of climate change?,,
509709,Whocket_Pale,Humans may be contributing to climate change that would make the planet in hospitable for their own species. Are there any examples of other species that undermine their own existence through actions on their environment?,,
509736,[deleted],How is the hypothesis of human-caused climate change confirmed?,,
509743,VehaMeursault,How is the *causal* link between climate change and human behaviour confirmed?,,
509795,[deleted],QUESTION: My dad doesn't believe in climate change simply because the data comes from the federal government. Can anyone help me convince him that global warming is real (and human influenced) without siting government funded research?,,
509915,[deleted],What commonly understood prevailing scientific theory is analogous to the science behind climate change?,,
510080,qoobrix,"If anthropogenic climate change goes really bad, do we know what the successor to Holocene/Quarternary might be named?",,
510606,[deleted],DAE think Bill Nye is bad at defending climate change and evolution?,,
510683,marionfamous,Could nuclear weapons testing by dozens of countries have contributed to global warming / climate change?,,
510692,graciousgroob,Could climate change make Siberia fertile?,,
510768,[deleted],What changes to everyday life can we expect within the next 20 years as a result of climate change?,,
511005,KULAKS_DESERVED_IT,How bad is climate change going to get?,,
511383,[deleted],What is the general concensus among scientist? Is climate change affected by humans or not?,,
511727,bestjakeisbest,How does our use of electricity play into climate change/ global warming.,,
511770,[deleted],Is climate change happening?,,
512275,djfl,Is asserting anthropogenic climate change reasonable given our inability to predict in systems far less complex than our climate?,,
512329,[deleted],Is there authentic evidence behind some scientists claims that civilization will collapse within 10-30 years due to rapid climate change?,,
512410,[deleted],Earth Scientists: What are some reasons people give to dispute climate change that are real possibilities?,,
513028,[deleted],Globally what place in the world would you be the safest from climate change,,
513032,[deleted],Globally what place in the world would you be the safest from climate change?,,
513246,[deleted],What are the long-term consequences of climate change?,,
513509,Clearlymynamerocks,"Some say the answer to climate change is carbon storage. If this is the case, why isn't it happening, is it OR is there a better way?",,
513700,[deleted],"A friend is denying human influences climate change, any recommendation of sources that I should point him to?",,
513709,palmtrees2blizzards,"A friend is denying human caused climate change, any recommendations on sources to counter his statement?",,
514109,Rallehop,Has the 2500-ish nuclear devices tested since their invention in 1945 had any impact on climate change?,,
514354,Levi_27,Is there authentic evidence behind some scientists claims that civilization will collapse within 10-30 years due to rapid climate change?,,
514566,Potatoroid,How much does Arctic methane release contribute to climate change?,,
514601,ArmedShadowfox,Is Earth really doomed from climate change now?,,
514608,chordingler,Is civilisation and humanity now in irreversible decline due to global climate change? Rising storms and sea levels-- do they mean our children will never enjoy Planet Earth as we have known it?,,
514632,inebriatus,In Bryson's A Short History Of Nearly Everything he talks about the uncertainty of climate change and mentions a theory that global warming could lead to increased cloud coverage that could in turn lead to global cooling/an ice age. Has any newer research been done on this topic?,,
514881,JustinFrimmel,Is it true that the majority of climate change could actually be due to cows and the giant beef industry instead of cars?,,
514903,[deleted],How long *actually* would it take for the Earth's oxygen supply to run out if climate change resulted in phytoplankton death?,,
514912,[deleted],Are there any practical solutions to runaway climate change?,,
515028,StatisticallyDeviant,Suppose everyone on earth planted a number of trees per year. Would this have a positive impact on climate change?,,
515221,ElliotRosewater1,Are there any peer reviewed journals that predict a timeline to human extinction due to climate change? Which is the most pessimistic?,,
515259,DirtySpanky,Why isn't Climate Engineering being used to combat climate change?,,
515573,[deleted],"Is capturing CO2 from the atmosphere a viable way to combat climate change? If no, why not?",,
515599,toolemeister,"How bad, really, is Trump's new executive order to scrap climate change policies?",,
515738,mancohbit,"Is it true that the meat industry is the biggest contributor to climate change, if not then what is?",,
515747,[deleted],Are there any countries/cities/regions that will benefit from climate change?,,
516027,Be_The_End,"With climate change, what will happen to the earth, how soon, and what can we, as individuals, do to stop it?",,
516384,BitchYoure22,I want to help combat climate change--what careers are there for me?,,
516535,clodprince,What can I do about climate change?,,
516760,zigzi,Are there any reliable sources from Reputable scientists denying climate change?,,
517152,[deleted],Is there or will there be an effect on bird migrations as climate change advances?,,
517205,owenpwnd,"What is a good response to a climate change denialist's statement ""the earth's climate is always changing?""",,
517212,bl4klavender,Is there evidence that climate change doesn't exist? What is the reason so many people deny that climate change could be a possibility?,,
517236,nudebutt,Should we be preparing for climate change?,,
517295,Mommyman,"Could we potentially ""put a bandaid"" on climate change by genetically modifying algae to live at higher temperatures?",,
517358,plartoo,How much of the climate change is attributed to (or affected by) the change in Earth's tilt and/or rate of rotation?,,
517361,[deleted],What are the most well known scientific studies on climate change?,,
517530,gibson1027,"What can i personally do, other than simple everyday eco friendly measures, to fight climate change?",,
517551,Devanismyname,I need help with a debate about climate change,,
517554,Devanismyname,Is there a source I can use in a debate about climate change?,,
517630,[deleted],"I humbly ask Science for proof of man made climate change. Removal, rather than proof, is counter to you argument!",,
517632,jackiechiles_esq,"I humbly ask Science for proof of man made climate change. If you remove, rather than prove me wrong, is that not counter to your argument?",,
517635,[deleted],"proove man made climate change, isn't this your moment?",,
518363,rmumford,Is the ice that is melting from glaciers and ocean from climate change off-setting the total affect we should be experiencing in the moment?,,
518429,TheAuth0r,"In terms of succumbing to climate change, is the car essentially already driven off the cliff?",,
518580,jenniferdances,"If we could remove all excess greenhouse gases from the atmosphere with the snap of a finger, how long would the effects of climate change endure?",,
518589,shtonkalot,Is there scientific evidence showing a relation between climate change and volcanic activity?,,
518615,BroverCleveland,Are termites a legitimate contributor to climate change?,,
518659,victornielsendane,How sure are we about these questions on climate change?,,
519757,League_of_leisure,"[Geology] Does the Earth give off any heat? If so, does it play a role in climate change?",,
519822,[deleted],"As temperatures are increasing, the growing season for plants has a longer duration. Would this reduce the amount of carbon in the atmosphere and slow climate change at all?",,
519884,Ringhal,"How will global climate change affect my city of Phoenix, Arizona?",,
520436,Theropissed,How have climate change forecasts changed since the late 1980s to now? Is it worse? Is it better?,,
520588,emerty,Could we use solar energy to make ice to combat climate change?,,
521156,benjaminikuta,Will the human population reduce in numbers because of global climate change?,,
521313,[deleted],How do you talk to a climate change denier?,,
521353,[deleted],"Extensive recap: what can be the consequences of the current climate change, when and how will they start disrupting human societies in a significant manner, what can we do right now as individuals or groups of individuals ?",,
522148,harry_pness,"Will killing billions of humans be an ethical process to fixing global warming/climate change or is the ""only"" process through a non-harmful method?",,
522374,banzaizach,Can anything be done about climate change?,,
522570,[deleted],I was born in 2001; What major events will climate change have on me and people my age during the 21st century?,,
522625,Gargantuam,What is climate change and what are its effects on our planet?,,
522801,ThandiGhandi,Would the following test help prove to climate change skeptics that humans are responsible for climate change?,,
523073,killtheraven,"If it was possible to move all manufacturing/industry off planet, would that be enough to halt climate change?",,
523161,berlinm694,Why doesn't everybody believe in climate change?,,
523615,Simp1yG,What are the possible future timelines for climate change?,,
524090,lars5067,"What are some good resources for learning more about climate change(eg books, websites, articles)?",,
524278,plartoo,How much of the climate change is attributed to (or affected by) the change in Earth's tilt and/or rate of rotation?,,
524284,[deleted],What do you think about the criticisms on the mainstream view of relationship between CO2 and climate change ?,,
524285,Squirtclub,"Would a sudden halt in greenhouse gas emissions halt the progress of, or reverse, climate change?",,
524427,balconysquid,"Like in chemistry involving acids and bases, could there be a 'buffer' system involving climate change?",,
524623,[deleted],"If climate change continues on course and nothing significant is done about it, will humanity go extinct? If so, when? 50, 100, 200, or 500 years?",,
524846,[deleted],"If climate change continues on course and nothing significant is done about it, will humanity go extinct? If so, when? 50, 100, 200, or 500 years?",,
525117,[deleted],"How do I explain climate change to a climate denier in a friendly, non-confrontational way?",,
525299,arimill,Are there any instances of someone with a vested interest in denying climate change publishing a study in support of climate change?,,
525308,[deleted],"Two alternate realities 100 years in the future: one with unfettered CO2 emissions/climate change, and one where nuclear war devastated the Earth in 2017, halting 95+% of emissions. Which is more habitable?",,
525442,Greengo120,Could increasing Earth's albedo in parts of the world help to slow or reverse climate change?,,
525505,[deleted],What is the evidence proving humans are causing climate change?,,
525814,[deleted],How accurate is this video on a fake news report about climate change?,,
525873,alexwaltman850,"If climate change is such a big issue, why are we trying to stop it but not fix it?",,
526015,ScriptproLOL,"Within the USA, what areas will be the most vulnerable to effects of climate change? The most resistant? To what degree will the human and non-human habitat in these areas be affected?",,
526244,deklist,What are some positive effects of climate change?,,
526803,TrillbroSwaggins,To what extent will the warming of polar regions mitigate the damage from climate change? Is there any chance the net impact will be positive?,,
526845,Karl_From_Gin_Alley,What can the U.S. do to impact climate change? And do tax subsidies for alternative energy reduce electric costs?,,
527134,chindogod,How come the effects of climate change are felt disproportionately acroos the globe?,,
527173,TimMinChinIsTm-C-N-H,How does science refute Joe Bastardi's claims of climate change?,,
527220,[deleted],Is this argument about climate change denialism scientifically accurate?,,
527224,bigmeatpapi,"How come co2 and it's sources are the only gasses that seem to be brined when talking about climate change? Don't other gasses, such as methane from livestock cause just as much if not more of a greenhouse gas impact?",,
527276,[deleted],"With all these marches for science, I was doing some research on climate change and was wondering why we worry so much about CO2 emissions",,
527280,[deleted],"In light of the recent marches for science, I did some research on climate change. In doing so, I am wondering why do we worry so much about CO2 emissions?",,
527411,TimMinChinIsTm-C-N-H,How does science refute Joe Bastardi's claims on climate change?,,
527640,TimMinChinIsTm-C-N-H,How does science refute Joe Bastardi's claims on climate change?,,
527701,the_real_Mark_Watney,Why is climate change resulting in a net decrease in the number of species?,,
527815,[deleted],Is the best solution to climate change to plant more trees?,,
528106,DukeofSwiss,"Is overpopulation a greater or less significant threat to humanity than, say climate change?",,
528174,cam3lwolfman,How does climate change cause the bleaching of the Great Barrier Reef?,,
528280,[deleted],"In regards to climate change, how was the planet able to return to warmer temperatures after previous ice ages. If today man made co2 emissions are warming the planet, how did it happen naturally in the past?",,
528344,[deleted],What if the impact of humanity on climate change is overstimated on long term?What would it be the consequences on research?,,
528575,[deleted],"What, as a society, are we going to have to give up in order to mitigate the effects of climate change?",,
528772,[deleted],Is climate change already creating abnormal weather conditions around the world?,,
528871,[deleted],"What, as a society, are we going to have to give up in order to mitigate the effects of climate change?",,
528977,[deleted],Can someone offer a synthesis on what we can expect from global climate change on current trends and on what time scale?,,
529039,EtOHMartini,Articles/references I can direct climate change deniers towards?,,
529050,[deleted],Help me understand this dispute over climate change scientist's claims.,,
529059,dirk558,Help me understand this dispute over climate change scientist's claims. How do I reconcile these two opposing views?,,
529186,stevenrountree,Could nuclear winter reverse climate change?,,
529207,Carichey,"If I want to crush a climate change denier in a debate, what are some of the best arguments, resources, and studies to reference?",,
529212,Ladylike33,How long until climate change will start affecting human life dangerously and what would happen?,,
529772,blues65,"If there didn't happen to be a large landmass covering the South Pole, what would be there? How might that affect human-induced climate change?",,
529829,[deleted],If anthropogenic climate change is real then why aren't we suffering from its effects?,,
529887,Informed_yet_stupid,Would worst case scenario anthropogenic climate change make it impossible for humans to live on the surface?,,
529923,FlyingRainbowLlama,I live on a coastline that's hit very hard by climate change and the local governments have invested in wave breakers. The sea level on the outside of the wave breakers are quite a bit higher than inside. Why is that?,,
530082,camonboy,What are some climate change denier/skeptic arguments?,,
530302,QuackBlack,How much of an impact do cows truly have on climate change?,,
530321,[deleted],"What are some things, about which most scientists agree, in which typical climate change deniers actually believe?",,
530870,ManMan36,"If Earth were a closed system, would global warming/climate change be inevitable due to thermodynamics? [x-post r/shittyaskscience]",,
531246,John_Mica,Is the statistic that 97% of climatologists believe in climate change accurate?,,
531308,maplesoftwizard,How do we know that the cutrent climate change that were seeing isnt just fluctuations of sun cycles?,,
531342,[deleted],Is the number and intensity of earthquakes likely to increase with climate change?,,
532164,NotSuspicious_,"Can Electrolysis be used to convert CO2 into breathable oxygen? If so, can this process be used to help combat climate change?",,
532391,LaserBeamsCattleProd,"If climate change was cooling temperatures at the rate at which they are currently raising, how would it affect the world?",,
532405,[deleted],"We always talk about the challenges that humanity faces currently like climate change, but what challenges of this scale has science help us overcome in the past?",,
532413,[deleted],"We always talk about the challenges that humanity faces currently like climate change, but what challenges of this scale has science help us overcome in the past?",,
532726,[deleted],Was the EF0 tornado that touched down in Washington state this last week a direct result of climate change?,,
532859,charliehuman,In the spirit of objectivity and due diligence: what evidence exists that climate change is not real?,,
532908,toastghost77,Would the Great Green Wall project be enough to stop climate change?,,
533554,[deleted],"If sea levels have been cyclically fluctuating at ever increasing rates for at least one million years, how is the human affect on climate change distinguished from the naturally occurring sea rise?",,
533657,Algern0nX,should NASA dump its funds into reaching &amp; colonizing mars or climate change research/prevention,,
534022,[deleted],"""Why hasn't the rising sea levels brought on by climate change affected Liberty Island?"" Question proposed by climate denier.",,
534791,TomTom9393,"Lets say you have a 5 minute air time to explain why climate change is happening, its effect on earth, the most likely projections of its future effects and on an optimistic note our best efforts/chances to combat it... how would you go about explaining that?",,
535024,dogpotato32,What civil engineering projects are low-lying cities undertaking to combat sea level rise from global climate change?,,
535298,MitziToo,Does all the space junk orbiting the earth have an effect on how much light/heat/other solar radiation is either reflected back into space or trapped in the atmosphere? What proportion (if any) of human-caused climate change can be attributed to this source?,,
535299,Cuccimane8,"At current rates of greenhouse gas emissions, how many trees would need to exist to stall climate change?",,
536138,Idle_Redditing,How can anthropogenic climate change (global warming) cause the earth to dry up when more water becomes part of the hydrologic cycle as ice caps and glaciers melt?,,
536205,_Loganar,How much does human respiration contribute to climate change/greenhouse gasses?,,
536785,IcyReached,Can dust injection into the troposphere help combat climate change?,,
537384,perigee392,"The eruption of Mount Tambora caused the ""year without a summer"" in 1816. Could we deliberately trigger volcanic eruptions to slow down or stop climate change?",,
537712,infinites,What effect does global climate change have on weather prediction?,,
537734,[deleted],"If government can't or won't respond to calls for dealing with climate change, what can the private sector/NGOs do?",,
537869,knarlygoat,"If the Earth rotated on a horizontal axis, would there be any polar ice caps? How would the climate change?",,
537975,pppjurac,"Scientists are considering burying the site of Mohenjo Daro in Pakistan to protect it from climate change, tourists and terrorist. How is this process done properly? Was this done before anywhere in world in modern time?",,
538110,Tsarhoarce,Why is global warming (climate change) bad?,,
538663,loudtoys,Can wind turbines cause climate change?,,
539156,mushinnoshit,What are some unexpected or less widely-reported side-effects of climate change?,,
539691,therealghostbusters,"Is an endothermic nuclear bomb possible, and if so, can it be used to meaningfully slow climate change?",,
539717,montag89,"Is the data from the IPCC correct about climate change and if it does, why do some say it is not trustable. And if not, what other source is more reliable?",,
539871,NovemberHotelLima,What are some starting points to talk to coworkers that climate change is affected by man?,,
540099,ascenx,What are the most significant *predictions* from climate change models that have been validated by experiments/observation?,,
540933,Flamethrower77,Why do some people still not believe in climate change?,,
541268,Simorneon,What is the 'evidence' global warming/climate change deniers cite as proof?,,
541436,ewrsgwsare,"What's bad about the human made climate change, if it would happen anyway?",,
542176,icreateaccounttopost,How is today's climate change different from those in the past? Is there a long term pattern?,,
542448,icreateaccounttopost,How is current climate change different from changes in the past several million years?,,
542595,Jadeyard,Which are the 10 best publications to recommend to climate change deniers?,,
542950,[deleted],Does the moon leaving earths orbit effect climate change?,,
543140,bluesuns110,What is Evolution's response/adaptation to climate change?,,
543300,smach650,Who are the climate change deniers?,,
543438,mcbzy,"How much impact does smoking (cigs, weed, BBQ) have on climate change?",,
543590,[deleted],"While being respectful, what can I say and how can I show my mother evidence of climate change?",,
543749,Squalo_ch,At what point climate change denial becomes a crime against humanity?,,
543998,amazonspring,"With trump exiting the Paris climate change accord, what is some legitimate evidence that could back up climate change denial?",,
544031,HQJMVF,How many people are going to be displaced into Southern USA by the climate changes in the next 10/50/100 years?,,
544049,timmessironaldo,Is global warming or climate change real?,,
544092,angryherbalist,What can a small business owner (retail) do to help combat climate change?,,
544131,Archa3opt3ryx,Please help me explain why climate change is a bigger threat than terrorism to my Fox News watching friend,,
544136,Archa3opt3ryx,"Can you please help me develop an argument to explain why climate change is a real, massive threat to the Fox News watching crowd?",,
544142,Kogero,Is climate change a real problem?,,
544195,Aeriaes,"If climate change is about CO2 entering the atmosphere, then why does nuclear winter cause it to co ol, instead of heating up our planet?",,
544202,[deleted],What papers do the best job of proving human caused climate change?,,
544253,Meshtemataste,"Can you guys prove climate change to me with cited sources? I've always believed it, but never able to find good unbiased information in these recent years. Thanks!",,
544262,B-Knight,Has the rate at which global temperatures are increasing slowed due to the awareness of climate change and the increasing swap to renewable energy?,,
544291,biklaufiklau,What is the chemistry behind CO2 creating climate change?,,
544350,joephusweberr,Would it be possible and or realistic to modify Earth's orbit as a method of fighting climate change?,,
544425,kaptainkomfort,"Even if Human driven climate change is 'myth', what would it hurt to try for clean energy anyway?",,
544581,[deleted],What would it take for climate change to actually be a hoax? Humor me.,,
544618,GreedoGrindhouse,Among the world's leading climate change research bodies what is the most popular mathematical model?,,
544668,jau682,Why isn't fixing climate change as simple as creating a big air filter? What does carbon dioxide bond to and why aren't we making something out of it?,,
544758,mikess314,To what extent is global climate change man-made?,,
544826,[deleted],"Someone posted this image sequence as a 'debunking' of anthropogenic climate change. I've tried, but can't wrap my head around all these graphs. Can someone help me understand?",,
544831,bananagee123,How will melting polar ice caps affect thermohaline circulation systems like the Gulf Stream? Can the disruption of these streams help control rising temperatures if humans can't halt climate change?,,
544839,CajunBindlestiff,"Instead of saying ""I believe in climate change"" would it be more scientifically accurate to start saying ""I understand and accept the scientific evidence that is causing climate change""?",,
544895,gnomeinvader,"Will wearing a mixed-print shirt make me less identifiable during a protest? Protesting climate change policy, local cops using face recognition and video.",,
544919,[deleted],Why do people care if climate change is man made?,,
545725,redditIhardlyknowit,What life be like 100 years after we failed to stop climate change?,,
545740,[deleted],Can someone explain the current big deal about climate change?,,
546194,[deleted],Why is climate change irreversible?,,
546359,AlaskanOverlord,Is there a reliably-sourced graph available that shows the relationship between hydrospheric and/or atmospheric CO2 levels and global climate change?,,
546468,yeroush,"If 97% of climate scientists agree that global climate change is real and accelerated by human activities, what do the other 3% think and why?",,
546578,Bioleve,Why the size of Antarctica in the world map is so misleading ? Do you think this affect the perception of people about the power of the climate change?,,
546697,dratnon,"What do these ""New Papers"" mean regarding climate change?",,
546804,[deleted],What are the best books for educating myself on climate change and humans effect on it?,,
547027,reevideevies,AMA request a scientist that doesn't believe climate change is harmful.,,
547258,I_Never_Think,What are the currently accepted models for climate change? How do they differ from those of the past few decades?,,
547428,lughheim,My father is a climate change denier - can anyone help me find a way to change his mind?,,
547436,[deleted],Is there a consensus on climate change being man-made?,,
547626,Rowaner,What does this climate change data I found by accident mean?,,
548374,InvincibleAgent,Does the use of nuclear weapons have a significant impact on global climate change?,,
548979,shamair28,"From a climate change perspective, what are some benefits for schools to switch to a ""paperless"" system?",,
549138,[deleted],Understanding this alleged debunking of climate change?,,
549893,ididareddit,Would infrared-reflective surfaces accelerate climate change?,,
550403,[deleted],Effects of climate change on animals with temperature dependent sex determination currently and in the past.,,
550407,TheMaroonAxeman,"Aside from looking at fossils, are there other geological ways to determine the different climate changes the Earth has gone through in the past?",,
550550,Mr_Monster,How will global climate change affect the future of radio?,,
550729,Odysseus2112,"What would likely happen in the worst case scenario, if anthropogenic-climate change were completely ignored?",,
550802,BetaRx,Can we cut down trees to solve climate change?,,
550982,stav_rn,"Easily digestible, sourced writeup explaining climate change?",,
551026,[deleted],What is the current consensus on how bad climate change will get?,,
551127,[deleted],Is climate change real?,,
551526,EricGrahamMacEachern,Did climate change cause the Syrian Civil War?,,
551590,mkbroma0642,How many times have scientist's predictions involving climate change been completely wrong?,,
552491,jsullivan1331,Where should I move if I want to avoid the worst symptoms of climate change in the next few decades?,,
552535,CidRonin,Are there any areas on Earth that would benefit from climate change projections?,,
552621,[deleted],How does climate change effect deserts?,,
552772,fort_kick_of_ass,"Is the a solid, tested way to turn back climate change?",,
552793,[deleted],"Is there any chance that current climate change isn't all man-made? As in, it's just slowly changing as it always has throughout Earth's history?",,
552885,Mareeswan,"With global warming/climate change, will the human body be able to adapt?",,
553447,[deleted],Is it wrong to assume that humans will simply adapt or evolve with climate change?,,
553956,Breacdonn,Has smoking had any effect on climate change?,,
554381,Formerly_Dr_D_Doctor,"If one of the main problems behind climate change is that we are putting carbon that has been buried for millions of years back into the atmosphere, why don't we just bury a bunch of carbon?",,
554449,[deleted],"Can you explain climate change, and why we should be concerned?",,
554579,[deleted],As global climate change progresses what are going to be the most comfortable areas in the USA to live?,,
554893,jazir5,Why don't we try to fight global warming/climate change by releasing benign substances to cool the planet?,,
554920,so4h2,"What will be the 'told you so' sign that climate change is on and rampant, the fact that will finally convince all skeptics?",,
554965,[deleted],"Should I be worried about the ""Clathrate Gun"" causing rapid climate change within my lifetime?",,
555119,8easy8,"If nothing changes in climate change for the next 20-40 years, what happens to the planet?",,
555306,jayhalk1,How do we know that climate change is due to human pollutant and not just a thing that's happening outside of our control?,,
557400,[deleted],"Will climate change cause extinction if we continue to emit GHGs at the same rate? If so, when?",,
557589,Aviatorbassplayer,"With renewable and clean energy at an all time high, why is climate change still going strong.",,
557713,tanzmeister,"What is this ""global cooling scare"" that climate change deniers are on about?",,
557724,Vettepilot,Would the government looking more into climate change be a bad thing?,,
557885,Maxmanta,I'm lookin to learn more about climate change....,,
557911,legal-enfp,One shot to convince skeptical family of climate change?,,
557948,[deleted],Approximately how many Scientists study climate change specifically? ( I have read that there is a estimated 15 million scientist in the world),,
558040,[deleted],For the last few years our assumptions about climate change have been based around our current technology. What technology seems promising that may come out in the next fifty years to help change how we view climate change?,,
558182,darexinfinity,Do Fireworks contribute to climate change?,,
558553,[deleted],"What are some of the effects of climate change that we're already seeing, and what are your predictions for the coming decade?",,
558920,UnknownAspect,Where can I find these so called climate change denier studies?,,
559060,gubatron,[climate change] would pumping massive amounts of cold water from the ocean's depths help cool down the planet a few degrees and avoid sea-level rise?,,
559270,[deleted],Would electric trucks be viable solution to reducing climate change if the trailers had solar panels to increase driving range?,,
559625,FutureShocked,What if global temperature averages were dropping instead of rising due to climate change?,,
559903,[deleted],With nuclear fusion would carbon sequestration be an economical and effective way to reverse climate change?,,
560052,digthelife,"Two scenarios: sustaining human life on a post-apocalyptic, climate change-ravaged Earth, or populating Mars. Which would be more feasible?",,
560512,[deleted],"How much of preventing or reversing climate change and moving to renewables is a case of a political, monetary or attitude change, and how much is a practical and infrastructure issue?",,
561560,daemose123,What CO2 capture technologies are in development to counteract and possibly reverse climate change?,,
561588,empurrfekt,How does this study affect the climate change discussion?,,
561667,[deleted],Why isn't Hawaii used as the poster child for defense against climate change? (At least in the US),,
562002,BentDuck,"Is this climate change article accurate, why or why not?",,
562101,jaffycake,"If we painted most of the roads in the world a reflective white, would it bounce enough energy/light back into space to affect climate change?",,
562758,felixwatts,"If insufficient steps are taken to prevent runaway climate change, what will the earth be like in one million years?",,
562829,temporality,Could a global volcanic winter slow down climate change?,,
562830,WadWaddy,"Would it be possible to bioengineer a plant to absorb methane from the atmosphere? As methane is a key greenhouse gas, could fields of this plant then have a real effect on climate change?",,
562905,CDNFactotum,I read an article that said China could cause nuclear autumn with a single large missile. Could that offset polar heating and stabilize climate change if done accurately enough?,,
563385,[deleted],"How likely is it that climate change causes the collapse of civilzation (telecom systems and power grids permanently down, geopolitical upheval, etc)?",,
563927,canthan19,Is it possible to plant enough trees to stop climate change?,,
564494,ThrowThisJauntAway,What can I do prepare for the consequences of climate change?,,
564690,gastro_gnome,How would more reflective materials effect climate change?,,
565296,marcelloandres,Water vapor is a greenhouse gas and is also a product of combustion. Why is it then not mentioned when explaining climate change?,,
565355,jtlit,Is there any good news about climate change?,,
565545,maybe_tom_cruise,"Who is the most reputable person in the science community that denies climate change, and what is their reasoning?",,
565551,trouphaz,Does this paper truly call man-made climate change into question?,,
565721,ovidsburgers,How are mermaids impacted by climate change?,,
565812,Formerly_Dr_D_Doctor,"If one of the main problems behind climate change is that we are putting carbon that has been buried for millions of years back into the atmosphere, why don't we just bury a bunch of carbon?",,
566134,appleclover,How do the remaining 3% of scientists that deny climate change defend their position?,,
566261,FreeThinker76,I got into a heated political debate on Facebook about one thing (Trump) that lead to a discussion on climate change. Can you help me if possible debunk the link he sent me?,,
566661,Rijn123,"With climate change, how much of a problem is freshwater acidification compared to ocean acidification?",,
567450,ClimateChange696969,What is this climate change graph saying and is it accurate?,,
567475,bremen15,"How well is climate change understood, outside of CO2?",,
567575,minigunnboy21,can we ever reverse all the damage we have caused to our plant through climate change?,,
568232,[deleted],Why can’t we just produce and release SO2 into the atmosphere to combat climate change and the greenhouse effect?,,
568841,was_promised_welfare,It is commonly cited in the media that 97% of scientists believe climate change is real and human driven. Is there a concensus among what those 3% think?,,
568967,speerow22,What evidence of global warming/climate change points to the assertion that it is NOT natural and is not part of a normal earthly cycle?,,
569718,undergroundsounds,"Assuming we're not too far gone and climate change can be reversed, what must be done on an individual, national, and global scale with existing technologies to give mankind the best chance of averting disaster?",,
569825,neurotroph,Does climate change effect the occurrence of different cloud types?,,
569856,gyrating_kairos,"There's a heat wave (109 F) coming to Oregon because of ""a strong upper level ridge of high pressure."" Could someone elaborate on that? Significance with climate change, its place in natural cycles, etc.",,
569864,MrTyphoid,How much has solar variability influenced past climate change and does solar variability have any effect on modern day climate change?,,
570020,[deleted],"Considering how ineffective we've been at slowing climate change, would it be better to invest ALL of our resources in colonization of other planets or continue to try to save Earth?",,
570093,Megaflarp,What countries/regions of the world will be least affected by the consequences of climate change?,,
570404,nofappinwaydude45,How is the world going to combat tropical diseases moving further north as a result of climate change?,,
570416,[deleted],How probable is Guy McPherson's 2030 extinction due to climate change predicition?,,
570681,[deleted],"What would be the global impact on resources and climate change etc, if the USA was to suddenly dissappear?",,
570837,[deleted],Is climate change caused by humans?,,
570903,Jizz-_-Khalifa,Why can't we counter climate change by building huge 'air-conditioning units' to cool the air down?,,
570928,YannFann,"If the weather and the climate are two different things, then why do people blame the warm weather on climate change? Is this misinformation or backed by tangible evidence?",,
571150,BoatyMcBoatFaced,Could costal solar powered desalination plants reduce global sea levels and help combat climate change?,,
571268,[deleted],Can climate change make it colder?,,
571383,bremen15,"How well researched are the factors contributing to climate change, and what are the most important factors? What are the most significant, less researched factors?",,
571861,Grammareyetwitch,Could a volcanic eruption counteract climate change?,,
572667,[deleted],"Have there been any credible, comprehensive studies to demonstrate the effects of industrialization on climate change?",,
572740,Demon_Slut,How will climate change affect specific regions of the globe?,,
572791,[deleted],"You have the power and resources of the entire human race, what could we do to stop climate change?",,
572795,TheBorker,"If we had the power and resources of the entire human race, what could we do to stop climate change?",,
572863,Proletariat-DeetMoor,"An estimated 291 Billion liters of water is used daily from groundwater, a large portion of this total is drawn from confined aquifers. This previously ""trapped"" water is added into the active water cycle. Would this play a part in systemic climate change?",,
572976,bongmitzfah,Can I get help talking to my anti climate change mother?,,
573540,trace349,Could the effects of climate change be reversed?,,
574396,[deleted],It seems global climate change is spoken about in generalities but not actual data. Can anyone provide actual data for or against global climate change?,,
574400,[deleted],Can someone provide any actual numerical data/statistics either for or against global climate change?,,
574465,[deleted],"What possible technological innovations are being designed, studied, and implemented to remove carbon from the atmosphere in order to combat climate change?",,
574642,Loxican,"Why don't we combat climate change by getting rid of excessive energy (thus lowering temperature) by deploying large areas of mirrors (reflecting sunshine upwards), ""painting"" ground white, or spray degradable white gasses near the equator?",,
574702,LivingInTheVoid,How will climate change affect weather in high altitudes?,,
574741,drewc0213,"Why are scientists and politicians uncertain if global climate change is a real thing or not? Some say it is and some say it isn't, why cant anyone come up with an actual concrete answer?",,
574751,sir_nigel_loring,"What would be the global consequences (in terms of atmosphere, climate change) of nuclear weapons being used to entirely obliterate a land mass the size of North Korea?",,
574949,aviewfromoutside,How does the discovery of 91 volcanoes under Antarctica effect current models of climate change?,,
575025,Chrisbattell,What sort of effect would the eruption of a super-volcano have on climate change?,,
575202,DevFro,To what extent can we fight climate change with technology?,,
576849,_-_Alexander_-_,Is there places I can go for comprehensive lists of proof/studies regarding things like climate change and evolution for deniers?,,
577512,ThePurginator,Can climate change (global warming) be curbed/reversed by planting trees?,,
578312,SkimJab,"After a tree dies, would burring it help reduce climate change by taking Carbon out of the cycle?",,
578777,dsldragon,Do temperature drop records from previous annular eclipses tend to prove or disprove man made climate change?,,
578866,ynthrepic,"Progress combating climate change. Have we made any, actually?",,
579103,forinfopurposes,Is climate change making rivers rise?,,
579775,krisimir,How to address the global cooling argument of climate change deniers?,,
580507,[deleted],What countries will hold up the best in the most extreme climate change events?,,
580749,Rjones61,Has man made climate change withstood the scientific scrutiny to become a scientific theory?,,
581261,RawCS,What effect has climate change had on the forming of storms such as Hurricane Harvey?,,
581388,[deleted],Is it possible that climate change could be the result of the Earth's axis angling more upright? So instead of the axis being 23.5 degrees it'd be more around 20,,
581494,karp505,How much and in what ways is climate change responsible for storms like Harvey?,,
581525,umbrellaholes,Is it possible that climate change could be the result of the Earth's axis becoming more upright? So instead of it being at 23.5 degrees it'd be moving more towards 20,,
581768,scrubed_out,"Everyone says Harvey is a result of climate change, but there have been crazy storms throughout history. Can we infer a relationship between climate change and large hurricanes?",,
581862,[deleted],Difference between climate change and global warming?,,
582079,[deleted],How can youth make a significant contribution to the fight against climate change?,,
582108,dsldragon,Do temperature drop records from previous annular eclipses tend to prove or disprove man made climate change?,,
582255,Cskelly1010,Can hurricanes be used as evidence for climate change?,,
582388,[deleted],Is there anything humans could do (not including general mitigation by reducing climate change) to weaken or completely stop a major tropical storm or hurricane?,,
582464,dhsjsbsvusis,Is there any particular reason that The Iron Hypothesis is not being pursued as a solution to climate change?,,
582772,PeterPorky,To what extent did climate change contribute to Hurricane Harvey?,,
582923,TrackMarshal,Was global warming/climate change a major contributor to the rapid strength gained by Hurricane Harvey? Are these types of storms going to become more common in the future?,,
582937,Herman999999999,"Does climate change have anything to do with the severity of the recent monsoons, droughts, and hurricanes being experienced around the world?",,
583537,[deleted],How can youth make a significant impact in the fight against climate change,,
583549,[deleted],"When the worst of climate change has passed, what cities will be the new major cities of the world?",,
583919,Razzal,Will climate change cause the salinity of the world's oceans to change and would it be enough to harm the oceanic ecosystems?,,
584014,[deleted],What is the leading cause of climate change?,,
584020,AvatarRyan123,What is causing climate change?,,
584865,JustToUpboat55,"Is it possible for animals to adapt and survive climate change due to ""rapid evolution?""",,
584988,[deleted],"If these massive tropical storms are a result of climate change, how severe and how frequently can we expect them to become?",,
585310,ledzepplinfan,"Are the dangerous storms hitting the U.S and the wildfires on the West Coast a result of climate change? Is this the ""new normal""?",,
585461,ecbremner,How is coastal flooding caused by climate change more likely to manifest?,,
585466,[deleted],"2 category 5 hurricanes hitting the US in the same year is unprecedented. OR, MT, and CA are experiencing higher than normal levels of fires. Is this extreme weather due in any way to climate change?",,
585518,icon99,Is climate change responsible for these multiple hurricanes or is this more of a coincidence?,,
585574,[deleted],"How exactly do all four hurricanes form in such a quick fashion one after another? Does this have a direct correlation to climate change and how many times in the past has this happened, if it has?",,
585598,[deleted],Is there direct correlation between the increase in hurricanes/tropical storms and climate change?,,
585607,vaIkery,Is it probable that the storms we're seeing this hurricane season are mild precursors of what's to come as the effects of climate change set in?,,
585687,endgame763,How do you talk to those who deny climate change?,,
585760,Xirrey,"Are these superstorms finally the ""apocalyptic"" weather that climate change is expected to eventually bring? Or are these just coincidental?",,
585781,newyorker9789,What are the *essential* articles on climate change?,,
585864,[deleted],How has climate change affected the rate of hurricanes produced in the Atlantic?,,
585878,newyorker9789,What are the *essential* articles on climate change?,,
585945,NarqmanJR,How to convince a peer of climate change?,,
586085,tjsaccio,What will be some good areas of the planet to move to as climate change continues?,,
586159,[deleted],Did we cause climate change or speed it up?,,
586189,Eggerslolol,Is it possible for the frequency/severity of earthquakes to be affected by climate change?,,
586261,AtomBombGoblin,How is climate change causing hurricanes?,,
586322,CosmicLandShark,Could more hurricanes help fix climate change?,,
586566,RNHurt,How can you predict future climate change to 0.5 degrees but not know what path a hurricane will travel?,,
586790,I_Am_SamDL,What are some of the best articles / papers which help to prove the magnitude of global warming and climate change?,,
586792,[deleted],Can we take advantage of nuclear winters to slow climate change?,,
586863,[deleted],"What effect, if any, does climate change have on hurricanes (frequency/strength, etc.)?",,
586919,chairhats,Are any species responding well to pollution/climate change?,,
587308,benvdavis,Do all of these recent hurricanes have any measurable connection to climate change caused by humans?,,
587350,CaptainNinjaKid,"If you (or someone you know) have a degree in environmental science, could you upload a short unlisted video of you with your diploma and say ""I'm *your name* I graduated from *where you graduated* and climate change is real"" so I can compile them and maybe get Republicans to acknowledge it?",,
587393,[deleted],Why are all these natural disasters seemingly happening at once? Is this actually a result of climate change or just something that happens.,,
587429,[deleted],Why are we not talking about water vapor when it comes to climate change?,,
587443,mach0,My friend who thinks climate change is not mainly caused by humans linked me this paper as an argument. How do I tell how much truth is in it?,,
587772,miranqa_,"Does climate change affect the movement of tectonic plates? If so, how?",,
587921,Skylord_a52,What are some research projects physicists are doing/can do to help combat climate change?,,
588004,[deleted],Are there any models predicting effects of climate change well into the future?,,
588258,[deleted],Will climate change/global warming bring about worse and worse hurricanes like Irma or are they unrelated?,,
588561,05OBXT,"Why do we hear how much climate change has effected the North Pole, but not Antarctica? Is there less impact on Antarctica?",,
588978,cooterbreath,The hole in the ozone layer used to be a very big deal. Has it gotten worse or better even with climate change?,,
589621,FlametopFred,"When sea levels rise due to climate change, what will happen to the tides. And, how would tides have been different in the past when ocean levels were lower (during the ice age) ?",,
589806,[deleted],Did glaciers melt before man-made climate change?,,
589873,bunandcheese,Why will climate change only affect the average intensity of hurricanes but not their frequency of occurence?,,
589966,Akito_900,How does global warming / climate change cause stronger hurricanes in higher frequencies?,,
590364,[deleted],How much does smoking contribute to climate change?,,
590456,Mindful-O-Melancholy,"There's been a lot talk of global warming and climate change lately, but hasn't the world always been in a perpetual state of climate change even before humans? So isn't it just the natural order of the world?",,
591450,[deleted],What are some effects that global climate change has that not many people may know about?,,
591553,TheNewColor,Are hurricanes evidence of man made climate change?,,
591606,The69thDuncan,Is it possible for human-made climate change to change the atmosphere enough that we can't breathe the air?,,
591841,PleiadesNuts,Could high-altitude nuclear tests have an impact on global warming/climate change?,,
592028,uokaybruh,How do I rationally explain to friends why climate change is our fault?,,
592862,logan888,Is climate change the missing link.,,
592869,logan888,Is it possible climate change could be the missing link everyone is looking for?,,
593217,proper_orbit,How close are we really to a climate change apocalypse?,,
593366,Beau87,"Is it hypothetically viable that, because water stays in containers like soda, bottled water, juice concentrate rehydration, etc., for an indefinite amount of time, that it's contributing to climate change by removing water from the environment for extended periods of time?",,
593537,pippy64598,What can we as individuals do to fight climate change?,,
593723,missouripacific,How would climate change be different if CO2 acted as a thermal conductor instead of a thermal insulator?,,
593738,JoshuaNorton,What would you use to convince a climate change skeptic? (More context in post),,
594520,mcsg1u,"If the polar caps melting due to climate change threatens large (coastal) populations, would it be worthwhile or effective to pump the melting runoff back towards the center of the caps to refreeze/reinforce the caps and slow the effects of climate change?",,
594569,naywearebutmen3,"It has been proved for some time the Earth is not flat. However, people are trying to now prove that it is flat. This is an opportunity to promote climate change as a response to the ignorance. Who is willing to help?",,
594648,Bevi4,How much would TSI have to increase to substantially affect climate change?,,
594796,[deleted],Isn't the transfer of aquatic species through tsunamis earths' way to help species survive in this era of climate change?,,
594951,Murrdog9000,"Science community, would you compare flat earthers to climate change deniers?",,
595402,TomasTTEngin,What are the *actual* two sides of the climate change issue (i.e. a legitimate scientific dispute or disagreement within the mainstream) that reporters should be forced to address in their stories?,,
596150,YodelingTortoise,How much does the heat from combating fossil fuels contribute to climate change?,,
596800,[deleted],Is climate change considered a natural disaster or a unnatural (man-made) disaster?,,
597042,quizikal,What is the best evidence for and against man made climate change?,,
597911,CNCcamon1,What can ordinary people do in their everyday lives to fight climate change?,,
598864,sero965,Are there any short term benefits of climate change?,,
599515,[deleted],"How much of a factor were climate change, over pumping of water, and bark beetles comparatively in setting the stage for the NorCal fires?",,
599542,[deleted],"Comparatively, how much of a factor were climate change, over pumping of water, and bark beetles in setting the stage for the NorCal fires?",,
599642,Cumquelch,Is there undeniable proof that humans cause climate change?,,
600383,so4h2,What will be the 'this is it' event that will signal and prove an undeniable climate change doom?,,
601369,[deleted],How much does the coriolis effect play a role in weather and climate change?,,
601376,[deleted],How much does the coriolis effect play on weather and climate change?,,
602277,[deleted],"When speaking to general public on issues like climate change, should the scientific community use words and phrases which convey the severity of issues instead of just stating numbers in a monotonous way.",,
602320,[deleted],"When speaking to the general public on issues like climate change, should the scientific community use words and phrases which convey the severity of issues instead of just stating numbers in a monotonous way?",,
602433,kron4,Volcanoes and climate change,,
602437,kron4,Could volcanic eruptions offset the impact of man made greenhouse gas contribution to current climate change trends?,,
602589,YOLOswaggerlord69,"All the anti-climate change people say that climate change is natural (ex. ice age), why is this untrue?",,
604055,ukkiwi,Would a Nuclear winter slow climate change?,,
604080,snarfgarfunkel,"If climate change continues to cause negative feedback loops warming the evironment, what exactly will happen to weather, and in what timeframe?",,
604372,[deleted],I'm in need of articles that argue why climate change isn't caused by human activities. Please help?,,
604637,Robertroo,Would the Dust Bowl be considered an example of man made climate change?,,
604820,[deleted],"Has Fourier analysis been applied to climate change? If so, what were the results?",,
604953,mintysoul,Could we use nuclear weapons as a last resort against climate change?,,
604968,dadoffive,Is it possible to reverse climate change by planting billions of trees in every country?,,
605044,Davyjoetee,"So, climate change, specifically rising temperatures. What percent of it would be caused by the expansion of the sun?",,
605692,Thatfuygutj,How accurate is this statement regarding climate change?,,
605913,train_ship_explorer,Could grow lights that reached down to the ocean floor reverse climate change?,,
606240,Uhud,"If the world had unlimited funding (and unanimous agreement &amp; understanding), what can be actually do right now to combat climate change?",,
606807,[deleted],What are the biggest arguements against climate change?,,
607506,MomDad_Why,Water trapped in bottles and climate change,,
607617,AmphioxusGuy,Where is the best place to learn about climate change without some political bias?,,
607692,Milkshake420,Would human settlements underwater be a viable solution in the face of extreme climate change? Or viable at all?,,
608723,[deleted],"Global warming, climate change?",,
609183,LeonardosClone,"In reference to climate change, can we ever grow palm trees in Atlanta, Georgia?",,
609271,maybe_tom_cruise,"Who are the most respected members of the scientific community that deny climate change, and what are their reasons?",,
609680,_-__---_-__,"How much effect does climate change have on hydro-power stations? Take New Zealand and the diminishing glacier as example, does climate change effect precipitation enough to make an impact on these electrical systems?",,
610363,AskScienceModerator,AskScience AMA Series: We are climate scientists here to talk about the important individual choices you can make to help mitigate climate change. Ask us anything!,,
610646,[deleted],How will climate change impact the economies of various countries around the world?,,
611021,snbrd512,Climate scientists: what are some things you do in your own lives to combat climate change?,,
611055,Gh0stthedirew0lf2,"What are some good resources (such as books, studies, and websites) i can use to learn about climate change, global warming, and it's impact? How can i keep to date with recent and relevant information on this issue?",,
611193,[deleted],What are some arguments for the reality of man-made climate change that do not require exercise in source criticism?,,
611705,portayal,Why the sudden increase in large magnitude earthquakes worldwide? Could it be related to climate change?,,
611950,[deleted],Will some places actually get nicer due to global warming and climate change?,,
612021,MG2R,"Realistically, what economically feasible measures could be taken and what would the time frame be to put a hold to human-caused climate change?",,
612506,Laicey,Do most scientists agree that climate change is catastrophic for humans?,,
612540,The69thDuncan,How will global farming be affected if/when climate change causes the Earth's ice caps to melt completely?,,
612868,Bone_shaker,Can I get an expert opinion on Dr Ian Clark's stance on human driven climate change being a hoax?,,
614076,djdelarosa25,Would we have any idea about climate change and global warming if the temperature scale did not come into existence?,,
614616,Awkirke,What can the average person do to help climate change?,,
615432,Nephroidofdoom,"In addition to greenhouse gasses, do climate change models account for all the “waste heat” produced from burning fossil fuels since the industrial revolution?",,
615676,Deadwalker123,What exactly is it that humans are doing to cause this rapid climate change?,,
616541,RealShigeruMeeyamoto,"Why do ""small"" changes of temperatures caused by climate change (0-2° C) cause such drastic effects?",,
616640,ArbitraryNarrative,"Can the impact of climate change, specifically sea level rise, be negated by increased inland storage?",,
616983,PM_ME_YOUR_GOOD_DOGS,How credible of a documentary is 'the great climate change swindle'?,,
617380,ColdBoreShooter,"According to Blue Planet II, an acre of sea grass absorbs more CO2 than an acre of rainforest. Shouldn’t we be planting acres of sea grass to help combat climate change?",,
